name,pca2_mean,pca2_std,pca2_entropy,omni_mean,omni_std,omni_entropy,egen_mean,egen_std,egen_entropy,vert_mean,vert_std,vert_entropy
Maxiliar100205_8.ply,0.6212684,0.062376294,6.923029420477602,0.021939542,0.010826163,6.392798767819657,0.5715956015170655,0.06261511990153708,6.667629212488994,0.58627963,0.28182852,7.527163341176301
Maxiliar100205_22.ply,0.60590434,0.056152366,6.776488722536641,0.017483167,0.00909407,5.958823285471701,0.5257334953080335,0.05815156608365426,6.453981459350321,0.58457935,0.28052709,7.533131130785964
Maxiliar100205_24.ply,0.6063084,0.056818523,6.78135490696662,0.017872944,0.009907668,5.998644360007676,0.5258309760462357,0.058649814525594215,6.463025195612617,0.584418,0.28013504,7.533294749878268
Maxiliar100205_32.ply,0.5895934,0.0744317,7.009903110392835,0.07199555,0.021589758,6.719531174267952,0.6077840547062151,0.08526706112030027,6.894035131212323,0.5724009,0.28303033,7.544738159507753
Maxiliar100205_26.ply,0.60631853,0.057373337,6.744033870023216,0.018215824,0.010565187,6.031926562967794,0.5259599142998608,0.058923122470113096,6.468645606757983,0.5840528,0.28108183,7.534496586767377
Maxiliar100205_2.ply,0.60484546,0.05528988,6.602490384584373,0.026823096,0.013247349,3.111734278035878,0.34756567936327787,38.85489704859511,0.0002525136243469972,0.58703583,0.2811686,7.517906859144038
Maxiliar100205_0.ply,0.60527545,0.055569865,6.635948227514243,0.022850823,0.011692372,3.1990275743875576,0.3460698700407201,38.85237985041991,0.00025240938978466314,0.5870046,0.28134575,7.525881145624497
Maxiliar100205_4.ply,0.60513306,0.05582592,6.588078967864916,0.030476464,0.013741754,3.2201192150088254,0.3486211828579991,38.86690450609765,0.00025262291873699385,0.58753854,0.28225288,7.486766298349334
Maxiliar100205_12.ply,0.64676887,0.07492787,7.112039153618197,0.048926994,0.027549002,6.508870685146645,0.6734976095762436,0.05886582301221917,6.209033011793217,0.5879149,0.28230774,7.493019362631637
Maxiliar100205_11.ply,0.64190274,0.07219088,6.944192759953322,0.03722445,0.020738423,6.637919202741599,0.6518557332087183,0.05921779050524186,6.448717574913693,0.58930874,0.2811687,7.5035626046078345
Maxiliar100205_34.ply,0.5755456,0.07738504,7.045568668325452,0.087049134,0.027780548,6.372268102759307,0.6522935349946034,0.09774466543714024,7.0146738722262665,0.5512214,0.28574738,7.562324868197569
Maxiliar100205_17.ply,0.60620177,0.05822605,6.698406219491519,0.018203171,0.011368995,6.107091012249838,0.5262894227475516,0.05933844671870155,6.504041552902623,0.58538187,0.28055692,7.533127457480256
Maxiliar100205_28.ply,0.60284376,0.060097367,6.86118219197,0.045063484,0.01257988,6.759989473388453,0.5503672855089445,0.06408744408151484,6.711287927277096,0.5862327,0.28114507,7.533854086713339
Maxiliar100205_9.ply,0.62768567,0.06552128,6.898605880863092,0.025365615,0.012769983,6.556132983700345,0.5975006882236784,0.06412617561695594,6.835858112649988,0.5875809,0.28197482,7.521514462079991
Maxiliar100205_31.ply,0.59487,0.07201949,7.0000773627803365,0.066349246,0.019583322,6.767148563320367,0.5928259266371337,0.08026270593418743,6.796475016041243,0.57880574,0.28229874,7.538317292291406
Maxiliar100205_23.ply,0.60606515,0.05650126,6.77621199016192,0.01770709,0.009527983,5.983155848595298,0.5257049247687279,0.05838006752045548,6.458424241254898,0.5850644,0.28050002,7.532487886291595
Maxiliar100205_13.ply,0.65073967,0.07678094,7.092214369067232,0.06970988,0.04044043,6.1480508184533225,0.6636513939082883,0.09567358001498602,5.951172025112357,0.5872811,0.28174734,7.472690561356162
Maxiliar100205_30.ply,0.59903,0.06861963,6.978431117817957,0.060105395,0.017417142,6.738598329847924,0.5780930285024267,0.07475258902243229,6.772993624003995,0.58337903,0.28185314,7.536579027435689
Maxiliar100205_14.ply,0.605321,0.055977385,6.658437652110186,0.017470945,0.009158686,6.105705475779788,0.5257091511222827,0.057890426185782405,6.524270535684067,0.5860392,0.28103378,7.532392900300997
Maxiliar100205_16.ply,0.60610074,0.05765513,6.688457430563548,0.017961027,0.010590017,6.091551802517604,0.5261709160627974,0.05865395705158055,6.5019998679646775,0.58622575,0.28068006,7.531940245561109
Maxiliar100205_27.ply,0.6066267,0.05777656,6.749874423715003,0.018312898,0.010757269,6.041231156027064,0.5261156982335646,0.05899989597185319,6.470229951705559,0.58404315,0.28069493,7.534781520682101
Maxiliar100205_19.ply,0.6065625,0.05958297,6.710137947903669,0.018517336,0.012019875,6.134148151005201,0.5264716335010412,0.05948347732259086,6.506923054432803,0.5855331,0.28094265,7.533276629779487
Maxiliar100205_25.ply,0.6063064,0.057299875,6.742654973585312,0.018080246,0.01036008,6.019423784541424,0.5260014968144457,0.05876873452978967,6.4652425287104105,0.5840794,0.28081787,7.534154633906042
Maxiliar100205_1.ply,0.6052541,0.05535984,6.6285518058634345,0.024888745,0.011985238,3.189543674333482,0.34717873029085006,38.8517576989393,0.00025247886952513743,0.58722377,0.28140524,7.5209481868973125
Maxiliar100205_15.ply,0.60558236,0.056657985,6.6714227319534976,0.017746551,0.010040484,6.072861168952884,0.5259306206264057,0.05844890919873944,6.498531878857361,0.5864484,0.28063864,7.531737537567422
Maxiliar100205_10.ply,0.6337454,0.06851226,7.042306876886378,0.030281227,0.01602115,6.539899517039551,0.6261662712450883,0.06156953812828083,6.698155260945086,0.5872622,0.28240678,7.516279897753067
Maxiliar100205_18.ply,0.6068322,0.058939848,6.708003248905963,0.018214734,0.011400141,6.108307947104578,0.5263592208778564,0.0593335850731267,6.50375757181906,0.5854479,0.2805634,7.533059511205149
Maxiliar100205_21.ply,0.6057465,0.055727128,6.767721420289968,0.017246803,0.008347132,5.936498464093606,0.5256137293763372,0.05758277853678402,6.5010486936446314,0.5839444,0.28052557,7.534611288365569
Maxiliar100205_3.ply,0.60499203,0.055501107,6.658081126066215,0.028779648,0.013710342,3.1088233836214543,0.3510902706601255,38.869883515435255,0.00025255335635612975,0.586916,0.28133124,7.510692634534018
Maxiliar100205_33.ply,0.58436865,0.075749226,7.028902301938649,0.07723102,0.023632426,6.729983533142697,0.6227934974101138,0.08995397067540259,6.984927403584004,0.56550163,0.2845078,7.5509459482383665
Maxiliar100205_20.ply,0.6070552,0.060133465,6.718115443887276,0.018559638,0.012093817,6.13745876832071,0.5266123661618184,0.05948026082125881,6.506873752893246,0.58569926,0.28097948,7.533036384655264
Maxiliar100205_6.ply,0.60515535,0.056665573,6.663429800672743,0.03439579,0.013371329,3.402125403996128,0.3548601365018287,38.87340765003936,0.0002529812999154978,0.587393,0.28196988,7.479408644713797
Maxiliar100205_7.ply,0.61467814,0.05932579,6.8375065961327195,0.01923425,0.009246518,6.482154185635063,0.5468620559804651,0.06041541524689903,6.664498805992666,0.58631814,0.28128138,7.529245874176994
Maxiliar100205_29.ply,0.6014413,0.0644854,6.8403077999864825,0.053111907,0.015122276,6.74595210702201,0.5638809263907483,0.069094309041859,6.731930103124542,0.58507967,0.28134766,7.533537292558159
Clavicula100014_13.ply,0.650902,0.078383885,7.014755655977995,0.1583833,0.0956211,6.44684228699097,0.11150833185717708,0.5806088983002997,6.402461522036289,0.48858848,0.24856143,7.4455309131434335
Clavicula100014_32.ply,0.57019293,0.07885492,7.014264813864176,0.20636904,0.07208926,6.666954630955454,0.8706927198460456,0.09890803523668114,5.9885430321105915,0.5031416,0.28032,7.576136824792276
Maxiliar100205_5.ply,0.60485464,0.056536097,6.585154200009223,0.0324178,0.012789359,3.4084592324543257,0.3532533064372862,38.898597708433726,0.00025280695456891117,0.58751833,0.28228632,7.488370591174516
Clavicula100014_15.ply,0.59846544,0.054043107,6.585987272444491,0.040120907,0.02085944,6.2331853578966445,0.6926395104089472,0.058943380394583036,5.740358398544889,0.48992148,0.2515934,7.505660706658425
Clavicula100014_31.ply,0.57681656,0.0794143,7.084964678119324,0.1888849,0.06389967,6.4271788403739905,0.8559487923774199,0.09731660890508297,6.4408995348277385,0.5024547,0.27683172,7.573155333528204
Clavicula100014_5.ply,0.59773284,0.05280802,6.51632425557641,0.059841763,0.037421964,2.7539808344834222,-0.7656651539413678,330.8679275086977,0.00023314894844547455,0.4898021,0.25161788,7.505326456135107
Clavicula100014_17.ply,0.59960955,0.056615032,6.622459792021132,0.041364208,0.023153542,6.284622781604901,0.6908268003435714,0.06237749742709335,5.833026556916412,0.49029213,0.25198513,7.506458193435073
Clavicula100014_16.ply,0.59964174,0.055389892,6.604820044635743,0.04020776,0.020927677,6.235012810049452,0.6922684209033305,0.059201239428229115,5.750122073150346,0.49008143,0.25166994,7.50594259810336
Clavicula100014_7.ply,0.6066441,0.05657682,6.706280533957851,0.043263484,0.020627184,6.447023175004655,0.6976243224274914,0.054505908934845644,5.725676830755498,0.49008447,0.25078708,7.5040515148380855
Clavicula100014_0.ply,0.5969013,0.051259447,6.553409771617393,0.045570858,0.03509885,2.766445380490639,-0.7712379317299606,330.75792764019354,0.00023302707066893212,0.48970908,0.2513553,7.5075381807921255
Clavicula100014_11.ply,0.64052343,0.07193607,6.946026184125532,0.084966674,0.047343414,6.1055121783338695,0.5864593722687195,0.17713522496408332,5.984434363217748,0.49028072,0.25051612,7.480308426192689
Clavicula100014_27.ply,0.6024164,0.059477277,6.6271384384261385,0.042892374,0.027757248,5.728508096598545,0.6943295342507018,0.0642540299241703,5.326497665748913,0.5010323,0.24627303,7.497114846887718
Clavicula100014_14.ply,0.5977016,0.052833565,6.563470879204679,0.039316077,0.01972777,6.241703968084231,0.6940553758092365,0.05727199028612915,5.693920337727884,0.48973784,0.2513404,7.504893446932722
Clavicula100014_19.ply,0.601327,0.059417482,6.6645079071996385,0.04234902,0.02485604,6.32655512685633,0.690112799470629,0.0640441254262272,5.884857190166524,0.48999825,0.25187173,7.506937582083908
Clavicula100014_21.ply,0.5981841,0.052501753,6.580096646440375,0.038918503,0.01891628,6.372920940197903,0.6940833450628199,0.056795901681140126,5.702670917644819,0.48901495,0.24874334,7.502014926569297
Clavicula100014_6.ply,0.5979224,0.053006377,6.577095445856558,0.062751494,0.04054692,2.6990663053620736,-0.763925469211628,330.8418804489341,0.00023322887145115997,0.48987827,0.2518941,7.503951173057847
Clavicula100014_12.ply,0.6443371,0.07457226,6.962382850073112,0.11124688,0.06383635,6.487795322384186,0.4407198353244481,0.3205042771131104,6.237743429732035,0.49021554,0.24934128,7.472564514175925
Clavicula100014_9.ply,0.62649333,0.06599843,6.869753509671281,0.057857182,0.030062389,6.265508397504211,0.6833696689341191,0.0708368124871155,5.738017235506151,0.49093023,0.2510718,7.500653854945918
Clavicula100014_23.ply,0.5995473,0.054986063,6.619089179817581,0.040329978,0.022126669,5.632457737402734,0.6939832156945291,0.05972783074689401,5.224157142752427,0.49001327,0.24818344,7.500100295475184
Clavicula100014_24.ply,0.6004091,0.056016,6.6354593757146345,0.040781334,0.022947008,5.652343215420571,0.6938515185928182,0.06040867725886023,5.2441070289635325,0.4926796,0.24836813,7.501271933569187
Clavicula100014_25.ply,0.60071725,0.056776717,6.584596710728637,0.04151883,0.024613746,5.679824202738379,0.6941159167918309,0.06164221229514219,5.273824439595171,0.49502894,0.24671847,7.500595239289165
Clavicula100014_34.ply,0.55878407,0.07761804,7.002160511462071,0.25568518,0.09698583,6.563873421404964,0.885074017846083,0.12879104880236988,5.4486488136645885,0.5030835,0.28546384,7.579295076124489
Clavicula100014_8.ply,0.61705804,0.061653327,6.7936017526172074,0.049678635,0.024657052,6.522776131269217,0.6961339543244861,0.05585802970215927,5.854928853924896,0.48941618,0.25140405,7.502161738923754
Clavicula100014_33.ply,0.5651686,0.07857632,6.975760337659578,0.22336484,0.08043594,6.5705274578030854,0.880065620918985,0.10386565645064542,5.953674557331226,0.50188905,0.28285247,7.578416465913486
Clavicula100014_26.ply,0.6016796,0.05830837,6.607909614901119,0.042196427,0.02621599,5.704786163390923,0.6941663532137498,0.0629862989806701,5.296742695733119,0.49852532,0.24538705,7.496005434040556
Clavicula100014_28.ply,0.6021595,0.072406255,6.999091136808038,0.1301065,0.03935476,6.942681661212911,0.7777716190692646,0.08265743923062581,6.69111291111785,0.4991958,0.26019225,7.538876485139194
Clavicula100014_30.ply,0.5851416,0.07891225,7.046680897963427,0.1707946,0.05548496,6.709420236016806,0.8357008229644293,0.09531315652666981,6.422314511570745,0.50162107,0.27270985,7.567031466737873
Clavicula100014_22.ply,0.5990619,0.053789254,6.600958815501768,0.039400015,0.020268388,6.183825287007551,0.6939578554824534,0.05774250531841363,5.688227651220213,0.49285454,0.24819763,7.503067206117251
Clavicula100014_29.ply,0.59437656,0.07708887,7.026141808128389,0.15161692,0.04741748,6.74451671545879,0.8093262510647924,0.0909543337913632,6.67680374341104,0.5015439,0.26643378,7.55548951921952
Clavicula100014_3.ply,0.5971281,0.051911328,6.530882534095127,0.05433878,0.04155824,2.563194062908794,-0.767856049563357,330.72377709651806,0.00023306067886248738,0.48970923,0.25150913,7.50678732916555
Clavicula100014_10.ply,0.63415366,0.069373794,6.916662973969023,0.06872018,0.03669417,6.411232912576395,0.6531475124122643,0.10493730819629944,5.888215191056951,0.48813206,0.25088465,7.4902506827598305
Clavicula100014_4.ply,0.5970112,0.052130066,6.4938525046025015,0.05688525,0.040614124,2.621076271756521,-0.7671876641438131,330.79669310555306,0.00023310690662409775,0.4900157,0.2514131,7.5030654517752176
Clavicula100014_1.ply,0.5970594,0.051524486,6.584970022536872,0.04837032,0.036761086,2.693784672439862,-0.7702672169060992,330.7534686147073,0.00023303547177048095,0.48946548,0.2511469,7.5071741857518255
Clavicula100014_18.ply,0.60050666,0.05769938,6.637500386167172,0.0415124,0.02336133,6.290882912069246,0.6903739841615416,0.06281078989426231,5.846619518900818,0.490042,0.25186226,7.506315746656434
Clavicula100014_20.ply,0.6012148,0.06082715,6.692369836490297,0.04402241,0.027056798,6.364584665433527,0.6900096004720645,0.06609710561989154,5.947748823185057,0.49086395,0.2525328,7.50915925236489
Maxiliar100014_11.ply,0.63902515,0.0717618,6.898049631905156,0.04302354,0.02328593,6.584134782449961,0.668343237490278,0.05845239817593526,6.1503032929787755,0.58729994,0.29551098,7.4985469937817495
Clavicula100014_2.ply,0.5972293,0.051726993,6.555739499059316,0.05110865,0.03662289,2.700252373185311,-0.7693622132029639,330.7698892997499,0.00023305647728589916,0.48964632,0.25133267,7.506509070241072
Maxiliar100014_2.ply,0.60515344,0.055519063,6.723096236429043,0.029481316,0.01642534,2.988674245090718,0.18593806148161154,77.56152637053009,0.00026819602417188954,0.5883217,0.2953834,7.508245740238379
Maxiliar100014_14.ply,0.6058101,0.056290053,6.61125110316862,0.01986275,0.009224366,6.295630138136704,0.5536477671761205,0.06061509462054812,6.383933814825724,0.58756775,0.29553837,7.520308663413911
Maxiliar100014_18.ply,0.6076336,0.058701478,6.584664329638485,0.020246355,0.01047916,5.997220352366287,0.5539377853041172,0.06118098195211261,6.252783801435469,0.58737797,0.29560244,7.520504362129169
Maxiliar100014_12.ply,0.64516515,0.07462198,6.889619199883417,0.05663803,0.032443345,6.412875109277987,0.6784210005536109,0.06615685506733926,5.851098981628573,0.5903913,0.29398543,7.480605917207237
Maxiliar100014_27.ply,0.6064624,0.058101308,6.627397267708141,0.02129146,0.013023853,6.101086067194852,0.5551378026581255,0.06301981898761054,6.293960219691666,0.5854738,0.29494724,7.522876609703499
Maxiliar100014_28.ply,0.60349005,0.060512688,6.907352933193965,0.049267136,0.014325949,6.80303413368906,0.5792431373903538,0.06651139876900776,6.6020413298305725,0.5863453,0.29514065,7.523038300214655
Maxiliar100014_15.ply,0.6062943,0.056765422,6.618395324448942,0.01988193,0.009245595,6.29731960328577,0.5537142922117358,0.06060622856689894,6.3836983581901645,0.5875679,0.29556015,7.520339462835648
Maxiliar100014_10.ply,0.63428944,0.069044836,6.919346258738736,0.034638643,0.018314742,6.62503191331884,0.6455111805432563,0.06298317060892795,6.379815657191313,0.5898179,0.2954073,7.504126152998824
Maxiliar100014_34.ply,0.57924,0.079015546,6.9359744896397535,0.09476838,0.03158809,6.7564505190588795,0.6802753035700428,0.10088658644389963,6.934335006957961,0.54963654,0.29393077,7.559399323658469
Maxiliar100014_29.ply,0.60268086,0.06481813,6.955390239032925,0.057929754,0.017232709,6.787278798487683,0.5928828800903436,0.07147165685350385,6.652859029441006,0.5846606,0.29445758,7.526337330272495
Maxiliar100014_23.ply,0.60565805,0.0566901,6.605489341428149,0.020462481,0.010553213,6.410269825522192,0.5541041240324631,0.061222039558906496,6.419563604043908,0.5857175,0.2947716,7.522857888634395
Maxiliar100014_7.ply,0.61420333,0.059228867,6.746695100015799,0.022170985,0.0104152635,6.733758658374275,0.5748570694738415,0.0625016312311741,6.4918154994868225,0.5893412,0.2954637,7.516072141574769
Maxiliar100014_32.ply,0.5926028,0.07557033,6.95873133197357,0.07836411,0.02458605,6.692703491992532,0.6365481334403092,0.08821266191421737,6.828158736936712,0.570763,0.29355666,7.5432744943492755
Maxiliar100014_8.ply,0.62125885,0.06293295,6.779120263135482,0.02526331,0.0123599,6.801793813897441,0.5976165136529628,0.06475943420027812,6.486954922477675,0.5901039,0.29583052,7.511745964941242
Maxiliar100014_33.ply,0.5880149,0.077330984,6.959912307873807,0.08411296,0.026913447,6.784132381994853,0.6513732460185182,0.09305255031352455,6.90713850475177,0.5635038,0.29350907,7.547799571204505
Maxiliar100014_1.ply,0.60622835,0.055491466,6.636402572505968,0.027407803,0.017136445,2.9048045322538862,0.18363787483132032,77.5220568156676,0.00026817350509351744,0.587936,0.29569677,7.5129709246536684
Maxiliar100014_31.ply,0.5969026,0.0726303,6.971536473317854,0.072252385,0.022272674,6.752930998631689,0.6218365571127249,0.08288967866697744,6.773894614653326,0.5774764,0.2935052,7.536097597039824
Maxiliar100014_19.ply,0.60804325,0.059206836,6.5906824213139075,0.020352993,0.010998908,5.714995660033408,0.5540307631773886,0.06156111607372537,6.257482454671757,0.58692956,0.2958417,7.5209330255047115
Maxiliar100014_21.ply,0.6058508,0.0560523,6.628441730186804,0.019878503,0.009237173,6.357884877884268,0.5537775703408626,0.060736008394732935,6.40855147634937,0.5868976,0.29473805,7.5219439625246265
Maxiliar100014_13.ply,0.6532781,0.078078724,6.951390417422632,0.079020336,0.045939576,6.423947874444423,0.6426279628581152,0.1390990648987904,5.374271150352155,0.5870584,0.29612863,7.458030906069777
Maxiliar100014_30.ply,0.6002313,0.06927797,6.974383742929274,0.065551326,0.019877588,6.752376389042316,0.6073080565037663,0.07721423185296622,6.71453586114063,0.58135366,0.2938659,7.530993503312825
Maxiliar100014_0.ply,0.6049043,0.055323254,6.651896681487821,0.025497124,0.015897159,2.9807697332758343,0.18371191295275913,77.53881488915862,0.00026812847876097224,0.5878426,0.29539886,7.5185145073435775
Maxiliar100014_5.ply,0.604312,0.05610439,6.658521266345673,0.035451747,0.019628325,2.943407370728636,0.18726928144291327,77.57989827021014,0.0002683988734268702,0.5877329,0.2961931,7.487942698424784
Maxiliar100014_9.ply,0.6268838,0.06591538,6.79178252905811,0.029192282,0.014540763,6.5764020388581725,0.6213246581346495,0.06568920373317251,6.4547669939887795,0.5866026,0.29659256,7.5128470924734945
Maxiliar100014_4.ply,0.60511214,0.055835277,6.598981927903717,0.033430107,0.017931577,3.006116831476927,0.18501424713778647,77.57054069551174,0.0002683086787257275,0.5880284,0.2958638,7.49536010354271
Maxiliar100014_26.ply,0.6060898,0.057543386,6.6187446859414365,0.021040924,0.012274774,6.085467815071285,0.5546620767070254,0.062412989394568436,6.284005307394782,0.5863604,0.293866,7.522382704568834
Maxiliar100014_22.ply,0.6057939,0.056281254,6.633830315811089,0.02011641,0.009886398,6.378504665351765,0.5539728771082866,0.060992330431987624,6.414401880664119,0.5856819,0.29485598,7.522687726700964
Maxiliar100014_16.ply,0.60703325,0.05763901,6.632024554461396,0.019960841,0.009409204,6.224719348454338,0.5538561422631789,0.06057016195322167,6.351645593027702,0.58761925,0.2956722,7.520514026257193
Maxiliar100014_3.ply,0.60492605,0.055315617,6.699886511585622,0.031589247,0.017727843,2.936644771045632,0.18643926272432373,77.58647751505384,0.0002682354420468133,0.5883702,0.29585657,7.506579797146728
Maxiliar100014_6.ply,0.6054648,0.05717474,6.703181066347272,0.037241593,0.019778242,2.9963701149068847,0.18759026418191455,77.55848265409914,0.00026859639488924475,0.5884575,0.2966235,7.4680101537458174
Maxiliar100014_25.ply,0.605934,0.05726943,6.614192686030631,0.020831846,0.011634016,6.23531148466408,0.5543892858958667,0.06200945234041086,6.348741219905313,0.58725554,0.29433623,7.521165333329877
Maxiliar100014_24.ply,0.6057165,0.05681472,6.607611070146874,0.020583123,0.010769286,6.419440890393823,0.5540187558441293,0.06140037403440354,6.423819065249368,0.5854503,0.2947393,7.523218379842224
Maxiliar100014_17.ply,0.60721934,0.05809488,6.574296309168022,0.020112947,0.0100726215,5.9859695790403284,0.5538955779878576,0.06098222590670352,6.2490969334838855,0.5872238,0.29562768,7.521044497930422
SenoFrontal100205_28.ply,0.6086726,0.062334705,6.651453176880039,0.028218722,0.009307152,6.2619305811956885,0.5195153527666116,0.07706560878303202,6.429747080128736,0.5455601,0.25969565,7.488908577476558
SenoFrontal100205_7.ply,0.6174176,0.06684557,6.672899644272176,0.018839715,0.010372667,6.338206133693475,0.5353297205417133,0.08041983004247376,6.405574947042743,0.5467636,0.2595153,7.482462125260014
SenoFrontal100205_13.ply,0.64614016,0.079526104,6.806704337907396,0.07532592,0.05080123,6.334195350988034,0.6811636771351728,0.10334415805074247,6.210485909687666,0.5464807,0.26400733,7.310421754169558
SenoFrontal100205_31.ply,0.61099553,0.065824285,6.727803119999921,0.040770505,0.012907959,6.5410296303405495,0.5328646331220515,0.07840886438652371,6.504827610201391,0.54665244,0.2626551,7.496509756746245
Maxiliar100014_20.ply,0.6086271,0.060057644,6.604317053643979,0.02050054,0.011447936,5.727486690985589,0.5542633835695084,0.06174627838467595,6.261363955172955,0.5873013,0.29549345,7.52044819364895
SenoFrontal100205_22.ply,0.6088245,0.06583172,6.690189362710229,0.017354788,0.009805514,6.360197216479566,0.5135479052260676,0.07842493628523517,6.468300494558397,0.5462013,0.25949842,7.490441510578783
SenoFrontal100205_0.ply,0.6064067,0.05985121,6.6024597142035235,0.02279319,0.017788326,3.2496720582707805,0.25726068834948795,32.674803312293776,0.0006871245706126675,0.5468072,0.2587138,7.488456670928983
SenoFrontal100205_16.ply,0.6094393,0.066497184,6.634284105773796,0.017766815,0.0108494535,6.273101777419349,0.5126624175521716,0.07933654920782689,6.43085288059084,0.54540545,0.26061693,7.491649327537829
SenoFrontal100205_12.ply,0.64492416,0.08179491,6.833191719455937,0.052972786,0.037966594,6.475674598575717,0.6750664655253454,0.08484711020738056,6.040632131066962,0.54579735,0.26073065,7.375778916592024
SenoFrontal100205_20.ply,0.60953856,0.067678496,6.640339184522844,0.01908987,0.013123545,6.371627974824408,0.5123984426532276,0.08205266654787664,6.481538336237238,0.5444997,0.26240325,7.49429807438242
SenoFrontal100205_14.ply,0.60902464,0.06591455,6.620698454614407,0.016925346,0.009209442,6.319738598401572,0.513187926596469,0.07768373943158012,6.465922774053815,0.5472408,0.26099885,7.491254440121972
SenoFrontal100205_19.ply,0.6093121,0.06741067,6.65329475631863,0.01885468,0.012984016,6.356716402701453,0.5130116505295865,0.0813650583992795,6.4654978292814915,0.5447996,0.26225728,7.493986464645623
SenoFrontal100205_17.ply,0.60924536,0.06661773,6.637869095269769,0.01828943,0.011796152,6.313781331291637,0.5129108224347295,0.0799194269554876,6.443409547643871,0.5449587,0.2608745,7.491556596860162
SenoFrontal100205_26.ply,0.6086549,0.06641296,6.657415255935194,0.018835329,0.012789555,6.405074762701897,0.5154637588778822,0.08018613204269728,6.446047580518054,0.5432118,0.26066285,7.4927459026474725
SenoFrontal100205_21.ply,0.6088451,0.06578181,6.6881210375305065,0.016967047,0.009327145,6.3208674908334315,0.5133975610065312,0.07822356035046193,6.463650807255282,0.54644424,0.2592726,7.489782525771268
SenoFrontal100205_8.ply,0.6258645,0.070449345,6.679820957057337,0.021613698,0.012892365,6.2261084797153705,0.5597120535075903,0.08249537571598836,6.388893409528073,0.54821104,0.2608397,7.467718899345066
SenoFrontal100205_6.ply,0.6052183,0.057723884,6.587134449277235,0.034583922,0.02031824,3.3656308920028613,0.26571100279169013,32.78420651802934,0.0006904761273902764,0.5470102,0.25997835,7.470400413844812
SenoFrontal100205_33.ply,0.610865,0.070132524,6.799151839691496,0.0478682,0.015130194,6.624523485378932,0.5433537929620111,0.08067467003794347,6.557554671399249,0.5470507,0.26569572,7.4982639662651245
SenoFrontal100205_25.ply,0.6086438,0.06631466,6.655456697777899,0.018697796,0.012595526,6.393586327055697,0.515453598500463,0.07998830762815448,6.441482323443203,0.543225,0.26062262,7.492750260406781
SenoFrontal100205_1.ply,0.60703397,0.05906765,6.589684528890179,0.02468837,0.019787384,3.1643130155434216,0.25786495391775144,32.706073878355376,0.0006877277510334921,0.54654634,0.25888312,7.4889255526049485
SenoFrontal100205_24.ply,0.6086767,0.06598587,6.6965233903207215,0.018349122,0.012117224,6.363735791777156,0.5150418487513749,0.0799088263666973,6.440506662072003,0.5424964,0.25978848,7.491933581700533
SenoFrontal100205_18.ply,0.6094065,0.06707145,6.645776280550278,0.018603653,0.012464479,6.337133192165417,0.5131195943578526,0.08084942766881924,6.454631039574139,0.54469764,0.26206845,7.493859989581686
SenoFrontal100205_29.ply,0.6094507,0.062464066,6.675714190649636,0.032672748,0.010539912,6.3639616706273685,0.5235464968749831,0.07733106719626535,6.4473194476686535,0.5456402,0.26066935,7.497921885473774
SenoFrontal100205_34.ply,0.609133,0.07387615,6.873942191091309,0.053995293,0.017006049,6.773436335806301,0.554669214887366,0.08318363564975911,6.662188898546464,0.54704046,0.2695307,7.49811395750195
SenoFrontal100205_10.ply,0.6372601,0.07537554,6.728266791239957,0.030619716,0.019910038,6.257919000894075,0.6148110222853694,0.08510264651555009,6.284312672695556,0.5466717,0.25850037,7.439374090828734
SenoFrontal100205_32.ply,0.61084884,0.06765793,6.730465262698985,0.04445289,0.01404107,6.5969954482599675,0.5380400980927107,0.07946245695488573,6.531993799046221,0.54666984,0.26373896,7.499250030014252
SenoFrontal100205_4.ply,0.60722375,0.0584196,6.6665772690957015,0.030959936,0.020823782,3.23588045545256,0.26126065361496265,32.71972960956188,0.0006886951482247571,0.547259,0.26031962,7.48407431866764
SenoFrontal100205_2.ply,0.60579866,0.05844267,6.598707123845016,0.026907226,0.018849041,3.235085964505679,0.2596529048686479,32.7086167021103,0.0006880499006170187,0.54674727,0.2592873,7.488120632265462
SenoFrontal100205_23.ply,0.60871553,0.0659646,6.695067637530628,0.017931016,0.011332082,6.331829216443416,0.5143803061869485,0.07945079999053123,6.431195216766092,0.5430098,0.25747114,7.4878624183751405
SenoFrontal100205_27.ply,0.6087036,0.06656253,6.66050078709753,0.019217962,0.013453098,6.428126938988997,0.51592206014677,0.08071366322495872,6.45627721464831,0.545411,0.26254368,7.494379280096789
SenoFrontal100205_30.ply,0.60997504,0.063677765,6.6802466560967,0.036832765,0.011685846,6.457428094675891,0.5279935900956398,0.07766842291525929,6.476106689021961,0.5459208,0.26147798,7.495799963308042
SenoFrontal100205_11.ply,0.6429016,0.079767585,6.776140258339119,0.039178237,0.027728826,6.322541444928303,0.646918801451972,0.0830966937970552,6.085665367028762,0.5504042,0.26081783,7.403595649945293
SenoFrontal100205_3.ply,0.6067945,0.059119213,6.617995794801434,0.02877517,0.020260273,3.216783633647849,0.2605686111450183,32.70029033341629,0.0006880901915232506,0.5465335,0.25985545,7.4833942678869025
SenoFrontal100205_15.ply,0.60945964,0.06615108,6.62588649345144,0.017098967,0.009423779,6.33314053153195,0.5122586672722909,0.07882795837914477,6.490253539046824,0.54697824,0.260958,7.491926524046667
Clavicula100205_13.ply,0.6499817,0.07922576,7.018590303402494,0.17242037,0.10824095,6.402919237287823,-0.11048640261039452,0.7403011928598081,6.441575611474517,0.4157379,0.289175,7.435038834287722
SenoFrontal100205_9.ply,0.6301645,0.07133873,6.7630982993842785,0.02522172,0.015063277,6.2736157184904995,0.587472152138578,0.08193410241196704,6.372018365721983,0.54729915,0.2590861,7.455749653287817
SenoFrontal100205_5.ply,0.6053849,0.058883335,6.630304373602651,0.032838035,0.024903076,3.080697767222812,0.2640941077721636,32.7165257694773,0.0006893416635762522,0.5469834,0.2598305,7.477902526837582
Clavicula100205_17.ply,0.6011633,0.05880729,6.694179787962196,0.044423237,0.02737425,6.089490136097757,0.7041992001470716,0.05148571046696198,5.396727926927583,0.41469854,0.28870252,7.494346659873556
Clavicula100205_20.ply,0.60264117,0.062118057,6.746474664772174,0.046125878,0.029636487,6.1559788909707835,0.7027968240180477,0.05717167507938941,5.49250408594902,0.41422495,0.2889257,7.4942128491010385
Clavicula100205_11.ply,0.6410775,0.071932994,6.970375410240736,0.090784214,0.053613424,6.151140690874878,0.5170037924713176,0.25431041513358993,6.096599668820058,0.41555664,0.28861666,7.460596989738601
Clavicula100205_14.ply,0.59853905,0.052269135,6.7149824035147985,0.04089491,0.01907828,5.966767710937888,0.7036997540766522,0.04069671415993156,5.509820544153147,0.41408944,0.2891756,7.489048175652109
Clavicula100205_34.ply,0.561747,0.07774444,7.035021793476366,0.27076453,0.10308742,6.389701826892277,0.8775318560023497,0.15161340069671347,5.305484536928998,0.4479433,0.2900767,7.560897210540217
Clavicula100205_33.ply,0.56914335,0.07854952,7.032483043167257,0.23677109,0.0847078,6.558766635034736,0.8784194653776103,0.11019536256682791,5.701615380251751,0.43927857,0.28969118,7.555543511533026
Clavicula100205_6.ply,0.59815454,0.052647024,6.497661036386059,0.06729951,0.06763387,2.2134631622973995,-0.7679863518038129,321.547885409018,0.00025006569311138084,0.41408157,0.2892355,7.4891561943286735
Clavicula100205_0.ply,0.59715647,0.05096675,6.5700598010154465,0.048371807,0.060171325,2.228950222128418,-0.7762292162019022,321.5419616455283,0.0002499635532034916,0.41405097,0.2891201,7.489702062436839
Clavicula100205_8.ply,0.61777514,0.0616192,6.955817454253999,0.05212591,0.025550198,6.080704359854058,0.688867416744425,0.06469572652749393,5.599282641224405,0.4140203,0.2887804,7.484395813609595
Clavicula100205_7.ply,0.60701513,0.05610733,6.927340804490969,0.045526914,0.0212274,6.080376021893586,0.7012574769364602,0.0458592547438465,5.631508556229962,0.41351724,0.2889624,7.485907655085978
Clavicula100205_23.ply,0.599411,0.05511992,6.763584940686042,0.043438144,0.025588853,6.065118477226216,0.7047502460028239,0.046934905013127436,5.572626768448897,0.41598237,0.287558,7.4993101336226005
Clavicula100205_27.ply,0.6009602,0.058685098,6.728127034839343,0.046260778,0.031985894,5.94406709538787,0.7052268245597931,0.05452674938765612,5.693874353192284,0.42085928,0.28691202,7.5091601569984
Clavicula100205_26.ply,0.6008853,0.05799417,6.7158204138498805,0.045503628,0.030166965,5.922515945320512,0.704815300132959,0.05250214560596709,5.669170798485496,0.42151996,0.28740025,7.510420488745627
Clavicula100205_18.ply,0.60215396,0.059939563,6.709093978165426,0.044450443,0.027389131,6.0908777395645215,0.7034470201310106,0.05309291266769194,5.413662135246597,0.41469142,0.28869244,7.494365745376195
Clavicula100205_1.ply,0.59711,0.051182736,6.578760194852863,0.05130409,0.06089933,2.2065932697498827,-0.7754609605198957,321.5397920825571,0.0002499635532034916,0.4139023,0.28902814,7.489734672389061
Clavicula100205_29.ply,0.60202515,0.07875313,7.019968034944381,0.1599228,0.049836773,6.622583330606912,0.811107433817187,0.08624710093913997,6.608979576405566,0.42091927,0.28807747,7.5275254463722145
Clavicula100205_5.ply,0.5976389,0.052373495,6.5646796310067925,0.064111434,0.0473912,2.5509637858901826,-0.7696486839169439,321.49573758574377,0.0002500267724143732,0.41430774,0.28934258,7.487846880103295
Clavicula100205_25.ply,0.60029083,0.05707668,6.701066707025822,0.044922665,0.029150054,5.901559678614752,0.7049884316992177,0.051016079821756356,5.639211605328811,0.4182782,0.2871225,7.505051699913361
Clavicula100205_32.ply,0.5751291,0.07963497,7.014653489064559,0.21876268,0.0758757,6.548222608106084,0.8706090107981034,0.09960569780798113,6.144723362811586,0.4349464,0.2902008,7.549705367184992
Clavicula100205_22.ply,0.5989365,0.053314682,6.7346836701091215,0.041809674,0.0220491,6.001086007946678,0.7040029514375292,0.043381073068781424,5.524610663908102,0.41812873,0.28833115,7.500446375071828
Clavicula100205_19.ply,0.6018555,0.061266564,6.735812187478594,0.046079047,0.0296216,6.154596762083383,0.7034334724606309,0.05596150226366236,5.479532706801701,0.4142556,0.28897575,7.494298399479483
Clavicula100205_2.ply,0.59705883,0.051385358,6.559434733494651,0.054400865,0.054523338,2.331936824392723,-0.7742870044244724,321.5309442970129,0.0002499684150368637,0.4141168,0.28915924,7.48664139562413
Clavicula100205_30.ply,0.5917552,0.07980212,7.0452143705911014,0.18084851,0.058408096,6.365993174734053,0.8373781328296412,0.09104830994740622,5.933777653313835,0.42357332,0.2891816,7.537782405557348
Clavicula100205_16.ply,0.600169,0.057452254,6.764430738757343,0.043890506,0.026456334,6.0674847008305886,0.7045118750603695,0.05003914390716109,5.6004485462440465,0.41472447,0.28854004,7.4935963125729135
Clavicula100205_10.ply,0.6353329,0.06921404,6.950724228581826,0.07317366,0.039507776,6.2460801645847175,0.6134565035055832,0.15415966220538563,5.790925377374235,0.41413495,0.2881102,7.47465588596744
Clavicula100205_24.ply,0.60005474,0.056201685,6.72216244259957,0.04407331,0.027126348,5.994269082264781,0.7046790523943546,0.048789437043351286,5.606743184766571,0.4191494,0.28792116,7.50551199445364
Clavicula100205_9.ply,0.62707764,0.06606879,6.937643563521598,0.061068594,0.03175542,6.005542862035916,0.6630116249203515,0.09942856652805969,5.471190435532812,0.41459635,0.28847593,7.47722925905651
Clavicula100205_3.ply,0.59775174,0.051909372,6.62084211687484,0.057626467,0.058798462,2.270067022268021,-0.772794096100425,321.5257072124333,0.0002499878643413227,0.41392928,0.28904852,7.488690851616057
Clavicula100205_12.ply,0.64617413,0.075431824,6.997658336024583,0.11907751,0.07101817,6.3253621940604985,0.3231023529440326,0.4298433646224891,5.906411422251678,0.41781172,0.29000443,7.456706412115194
Clavicula100205_31.ply,0.5826381,0.0793173,7.046448868438654,0.20022543,0.066871844,6.595935563428002,0.8573469750318098,0.0944448772305022,6.281746125489176,0.42938015,0.2893714,7.545218157829153
Clavicula100205_21.ply,0.59827346,0.051932063,6.726695115971062,0.040976573,0.019973388,5.965220456658926,0.7041102555241274,0.04107597113477294,5.553971544403199,0.4161975,0.2885874,7.494442643479296
Clavicula100205_28.ply,0.6101364,0.07525786,7.008841081415998,0.13684458,0.041202996,6.730428271279127,0.7804289079935127,0.07752582607429097,6.445921986771521,0.41884086,0.28796294,7.516512124868698
Clavicula100205_4.ply,0.5973237,0.05184277,6.636396907535962,0.06063889,0.059610356,2.2802597255841284,-0.7717473553664961,321.4953412161815,0.0002499975901764097,0.41407254,0.28901562,7.4857978705258175
Clavicula100205_15.ply,0.59798896,0.054684687,6.733650544169705,0.043542974,0.025924964,6.0636539780805,0.7055493842534702,0.048577623336402954,5.568760627201586,0.41514406,0.28893054,7.494029612224001
SenoFrontal100014_32.ply,0.6096627,0.06837561,6.951956375448576,0.052754425,0.015547681,6.67764857064793,0.5770139429470307,0.06852603057072544,6.657094214540643,0.55983806,0.27347898,7.487466168722584
SenoFrontal100014_6.ply,0.6032068,0.05760482,6.5505473332134025,0.03831396,0.022258185,3.365126542448867,0.07805335762587816,63.363997410794695,0.0006153287440275595,0.5597822,0.26939553,7.4661148664091455
SenoFrontal100014_5.ply,0.60231936,0.057506543,6.578580348680584,0.036161922,0.018732514,3.563479513385816,0.07831812905262932,63.352387510466684,0.0006151055893561261,0.5587314,0.270347,7.475359553305047
SenoFrontal100014_2.ply,0.60289055,0.056787513,6.5216919776392634,0.030175805,0.016742237,3.5662378347947077,0.07458082749276279,63.33541212481896,0.0006146279703674644,0.558824,0.26944965,7.479990373280584
SenoFrontal100014_28.ply,0.60399455,0.057338472,6.7572918297724085,0.03404643,0.011452172,6.3286111849619475,0.5566524588896508,0.061746908021691756,6.508476354871725,0.55859417,0.27000389,7.484115067611446
SenoFrontal100014_3.ply,0.6028189,0.056080237,6.545641590617162,0.032105405,0.017385792,3.5485978835176635,0.07342589576564125,63.38126156154797,0.0006148507626503299,0.55901164,0.26959676,7.478214027667574
SenoFrontal100014_8.ply,0.6196059,0.06359159,6.924615167723172,0.026643198,0.016968733,6.235890158236781,0.5949082894258995,0.06465695438959361,6.41261307700268,0.55817187,0.26962897,7.4692103420387
SenoFrontal100014_30.ply,0.6068531,0.062263522,6.849594638752483,0.04403103,0.013265186,6.572464381272606,0.5659214402791152,0.06445991731335746,6.6103998389370915,0.5591805,0.27149895,7.487733627813602
SenoFrontal100014_15.ply,0.6043239,0.056717914,6.69316435898688,0.021056768,0.013214227,6.368973764633527,0.5490967481653048,0.06305653505410162,6.513033049176538,0.5584084,0.26915303,7.487736219262911
SenoFrontal100014_9.ply,0.62586427,0.067587025,6.812574799933474,0.031053549,0.019976176,6.417105257529407,0.6188317988956784,0.06939156028208235,6.493489931423363,0.55778325,0.27084714,7.458167521612888
SenoFrontal100014_7.ply,0.61217546,0.060487647,6.850748162774786,0.023098608,0.0138699105,6.294102084363362,0.5713501701753385,0.0628455382825811,6.47614303188253,0.55862975,0.26866168,7.479073885947503
SenoFrontal100014_4.ply,0.60378176,0.057452623,6.58431704101693,0.03426539,0.017224008,3.5821958059340213,0.07767959439725418,63.382811418620086,0.0006150100034551689,0.55915356,0.27002436,7.477662158300748
SenoFrontal100014_22.ply,0.6037026,0.05666577,6.69516517189503,0.021423278,0.014217195,6.31853629836263,0.5509988692385341,0.06239815121757972,6.462641661338452,0.5534278,0.26535654,7.491723163849441
SenoFrontal100014_27.ply,0.6042483,0.057867903,6.718268874920724,0.0232488,0.016864454,6.447825856957093,0.552723046702278,0.06480751134441642,6.508441743595241,0.55640984,0.26621807,7.4933730381120185
SenoFrontal100014_18.ply,0.60540193,0.058238115,6.718934643695947,0.022044346,0.014692482,6.233416586637032,0.5479317728407829,0.066160197830992,6.4584810760873275,0.558722,0.2699773,7.488637949370185
SenoFrontal100014_20.ply,0.6054393,0.059158508,6.73664038331474,0.022753755,0.015504271,6.2818686775111985,0.5476267591123503,0.06775771636949514,6.4835661038824295,0.5601868,0.27063107,7.487305002478708
SenoFrontal100014_23.ply,0.6038457,0.05685889,6.698456049573005,0.021851722,0.0150568625,6.34464417410058,0.551618753114495,0.06319839536338698,6.476277259834013,0.5534623,0.26545063,7.493020268837929
SenoFrontal100014_0.ply,0.60347503,0.056506574,6.513833406372215,0.026305564,0.016528329,3.5474747186797133,0.0726740401133258,63.3426221589871,0.0006145961566832644,0.55894387,0.2688803,7.484661656256998
SenoFrontal100014_26.ply,0.60405475,0.057640087,6.714175671810426,0.02291623,0.016479367,6.428287232512106,0.5524124738291801,0.06441234077145248,6.500016090715476,0.5561392,0.26557449,7.493956062085443
SenoFrontal100014_21.ply,0.6037111,0.056298465,6.686850477782167,0.020869814,0.012883582,6.3576291326060055,0.5501988352063373,0.06151767541802014,6.490774936935407,0.55739063,0.26828825,7.488043964395173
SenoFrontal100014_25.ply,0.60411793,0.057321824,6.709093785584988,0.022618901,0.016103612,6.406343008883766,0.5521534719947655,0.0641662735247096,6.494079642528016,0.55500853,0.2661262,7.496316762520015
SenoFrontal100014_12.ply,0.64139944,0.07776738,6.963574619684928,0.06200914,0.04201981,6.481009296173433,0.6896764162475854,0.07532338809722308,6.086832315822518,0.5579861,0.27161998,7.393239180503396
SenoFrontal100014_33.ply,0.6085719,0.070921056,6.985654812094691,0.056684226,0.016702121,6.6879436808373365,0.5832653986685588,0.07094562307235522,6.683808580808884,0.55937225,0.27444425,7.489219282266397
SenoFrontal100014_34.ply,0.6058258,0.07529253,7.040883482736862,0.063648514,0.018787168,6.660707664517747,0.5960094293860142,0.0758195308294228,6.739780746228104,0.55781054,0.27593285,7.494667959866563
SenoFrontal100014_24.ply,0.60411733,0.05700863,6.701441907021915,0.022208322,0.015389164,6.374065138749918,0.5518662024466672,0.06353940913457214,6.485034828281665,0.5558597,0.2657908,7.495070162777614
SenoFrontal100014_13.ply,0.6453158,0.082172096,6.939568711563095,0.08846845,0.059823234,6.431847293027239,0.6690630959656105,0.1408785400397584,6.061521161654303,0.55025464,0.26905107,7.315366750340903
SenoFrontal100014_29.ply,0.6054887,0.059579622,6.802282002708465,0.03918076,0.012221052,6.457028760666301,0.5609566677696187,0.06276137176877196,6.551774710203099,0.55897963,0.270576,7.488881340355832
SenoFrontal100014_17.ply,0.60483074,0.05752497,6.707173675433361,0.021708235,0.0140015995,6.248504485724626,0.5474523448200136,0.06556854169407607,6.465582779275884,0.558737,0.2698343,7.487670016226101
SenoFrontal100014_31.ply,0.6082645,0.06529864,6.804400115901141,0.048535995,0.014354842,6.657028348468101,0.5712885899286005,0.06629099702486403,6.641071570637219,0.55930805,0.27245072,7.487913669567382
SenoFrontal100014_19.ply,0.6055287,0.058645625,6.726018102253177,0.02227125,0.014891409,6.249006431615235,0.5474291090279384,0.06723579185773242,6.473115415278053,0.5591437,0.26998422,7.487667629381735
SenoFrontal100014_16.ply,0.6044339,0.0569282,6.698166989865566,0.021421025,0.013686318,6.395033239316028,0.5485849556565421,0.06430075412292702,6.531264202137913,0.5589025,0.26964006,7.487691076668922
SenoFrontal100014_1.ply,0.60349977,0.05609739,6.551867213582243,0.02822635,0.017162986,3.523280703886717,0.07385139765553611,63.344204948827915,0.0006146279703674644,0.5585288,0.2685917,7.481637797377514
SenoFrontal100014_11.ply,0.6349571,0.075278066,6.91495598668284,0.04705776,0.03230446,6.307817581221396,0.6713132311139621,0.06834498271941158,6.408346600931069,0.55624676,0.27155882,7.419221091124642
SenoFrontal100014_10.ply,0.63143045,0.0715681,6.940825328515749,0.037545796,0.024949135,6.312896377206234,0.6455856157788895,0.06821859261904037,6.385021998778409,0.5559637,0.27014253,7.4473366678258985
SenoFrontal100014_14.ply,0.60402787,0.056299794,6.685346048195641,0.020634253,0.012148119,6.342697367673224,0.5485505695319424,0.0621757126855472,6.500805858877656,0.55950856,0.26913574,7.486978754529701
