name,pca2_mean,pca2_std,pca2_entropy,pca2_ggd1,pca2_ggd2,pca2_aggd1,pca2_aggd2,pca2_aggd3,pca2_aggd4,pca2_gamma1,pca2_gamma2,omni_mean,omni_std,omni_entropy,omni_ggd1,omni_ggd2,omni_aggd1,omni_aggd2,omni_aggd3,omni_aggd4,omni_gamma1,omni_gamma2,egen_mean,egen_std,egen_entropy,egen_ggd1,egen_ggd2,egen_aggd1,egen_aggd2,egen_aggd3,egen_aggd4,egen_gamma1,egen_gamma2,vert_mean,vert_std,vert_entropy,uniformity
pumpkingsigma4tsigma32,0.54215115,0.07343087,6.896380294455344,10.000000000000007,0.54710114,2.272000000000002,0.1597674141933764,0.9031498,1.1007174,54.5109476563166,0.009945729652389919,2.5318468,1.0455412,5.954604501663656,10.000000000000007,2.7392344,1.2400000000000009,0.47259880381212627,0.69692725,1.3339962,5.8639854025482805,0.4317621434043942,-11.536016892566694,9.031821570483508,5.409857895127412,1.7930000000000013,14.65105540910569,0.9600000000000006,-0.6164041055202709,1.472766319726046,0.5918965929285881,1.6314035327223788,-7.071222209085295,0.48801306,0.2904589,7.5989654352158915,0.09068110524237795
pumpkingQP3tQP2,0.58437854,0.06965828,4.674235927025971,10.000000000000007,0.5885158,10.000000000000007,0.21269355658356148,0.87890255,1.1260645,70.37901619717104,0.008303305955324624,0.28340644,0.19308804,2.5545907979659472,2.9530000000000025,0.34293163,6.060000000000005,-0.6184844206647736,1.4676125,0.7426288,2.1543133712912663,0.13155302434631483,-0.2140299555191781,3.16511697853587,0.8958376188515921,0.2,3.172344477179554,0.2,-0.5009848817092725,2.1120718729299353,0.11510259165283838,0.004572669369954845,-46.80634837180272,0.4315058,0.34867623,5.268751992112596,0.0911005502724364
pumpkingQP1tQP2,0.58276534,0.06300587,4.894017638650051,10.000000000000007,0.58616143,10.000000000000007,0.13842143584718,0.92060405,1.0814576,85.55110301779132,0.006811897962558374,0.31756192,0.14954016,2.6346052395028052,10.000000000000007,0.3510097,1.300000000000001,-1.1790149388248001,2.123272,0.5483332,4.509634456344656,0.07041854724588496,-0.0561622639783327,0.8861167643162544,1.9951070998766895,0.24600000000000005,0.8878945559174437,0.2790000000000001,-0.5075836020512002,1.735809397463645,0.33731082287317177,0.004017052574738344,-13.980963139869013,0.42287588,0.32306582,5.6512680201273024,0.09107300937881439
pumpkingQP1tQP1,0.58276534,0.06300587,4.894017638650051,10.000000000000007,0.58616143,10.000000000000007,0.13842143584718,0.92060405,1.0814576,85.55110301779132,0.006811897962558374,0.31756192,0.14954016,2.6346052395028052,10.000000000000007,0.3510097,1.300000000000001,-1.1790149388248001,2.123272,0.5483332,4.509634456344656,0.07041854724588496,-0.0561622639783327,0.8861167643162544,1.9951070998766895,0.24600000000000005,0.8878945559174437,0.2790000000000001,-0.5075836020512002,1.735809397463645,0.33731082287317177,0.004017052574738344,-13.980963139869013,0.42287588,0.32306582,5.6512680201273024,0.09133053701531485
pumpkinlevel8,0.5955964,0.050880287,6.62353377703501,10.000000000000007,0.59776574,2.279000000000002,0.19370566437341658,0.88239866,1.1218626,137.02727320480426,0.0043465534301352,2.159829,0.4184926,6.122475441240633,10.000000000000007,2.1999986,1.438000000000001,0.14098834722689446,0.9086815,1.0936782,26.63576609777465,0.08108754392209244,-45.40712395566772,8.980378426405734,6.546824068042923,10.000000000000007,46.28664727441558,1.465000000000001,-0.18600024141988247,1.1246783828621825,0.881369971592674,25.565882970652932,-1.7760827587214782,0.41146344,0.28516945,7.536916983456741,0.07946506467384097
pumpkingsigma4tsigma8,0.5421601,0.073359855,6.980199964247665,10.000000000000007,0.5471007,2.273000000000002,0.15885724449149252,0.90373427,1.100168,54.61834242576538,0.00992633715430987,2.531678,1.0481731,6.009696696347258,10.000000000000007,2.7400844,1.2400000000000009,0.475789171161695,0.6952505,1.3366201,5.833796803408461,0.4339674325621889,-11.540628376845529,9.063950935302257,5.548148807932835,1.7770000000000012,14.674510125678351,0.9590000000000007,-0.6189660772354201,1.4752896064505163,0.5905177094780429,1.6211535479327135,-7.118775634523997,0.48736548,0.29048365,7.598852646802244,0.08702382172141834
pumpkintsl6tqs256,0.53306675,0.047713798,4.578446426203824,10.000000000000007,0.53519773,1.9250000000000014,0.2730929981472574,0.82255924,1.1663562,124.81746071546604,0.0042707705300912445,0.351659,0.06688846,3.378681221270776,10.000000000000007,0.35796404,0.37000000000000016,-0.586661753630115,1.6651175,0.3800752,27.640199984747596,0.012722736956213992,0.7284696289255914,0.19513835247207892,4.522297841164713,10.000000000000007,0.7541531439608808,0.9340000000000006,-0.6130515133920714,1.4988832580459517,0.6164037958937392,13.935988289428247,0.05227254887105523,0.41600096,0.2828238,5.396969227321132,0.0908987593652238
pumpkintsl6tqs512,0.53306675,0.047713798,4.578446426203824,10.000000000000007,0.53519773,1.9250000000000014,0.2730929981472574,0.82255924,1.1663562,124.81746071546604,0.0042707705300912445,0.351659,0.06688846,3.378681221270776,10.000000000000007,0.35796404,0.37000000000000016,-0.586661753630115,1.6651175,0.3800752,27.640199984747596,0.012722736956213992,0.7284696289255914,0.19513835247207892,4.522297841164713,10.000000000000007,0.7541531439608808,0.9340000000000006,-0.6130515133920714,1.4988832580459517,0.6164037958937392,13.935988289428247,0.05227254887105523,0.41600096,0.2828238,5.396969227321132,0.0907131687808711
pumpkintsl6tqs64,0.53306675,0.047713798,4.578446426203824,10.000000000000007,0.53519773,1.9250000000000014,0.2730929981472574,0.82255924,1.1663562,124.81746071546604,0.0042707705300912445,0.351659,0.06688846,3.378681221270776,10.000000000000007,0.35796404,0.37000000000000016,-0.586661753630115,1.6651175,0.3800752,27.640199984747596,0.012722736956213992,0.7284696289255914,0.19513835247207892,4.522297841164713,10.000000000000007,0.7541531439608808,0.9340000000000006,-0.6130515133920714,1.4988832580459517,0.6164037958937392,13.935988289428247,0.05227254887105523,0.41600096,0.2828238,5.396969227321132,0.0912064034483696
pumpkinpqs1qs16rounded,0.5979359,0.055561215,6.797369687505461,10.000000000000007,0.6005117,2.469000000000002,0.16875812450597263,0.8984069,1.105495,115.81537045669756,0.005162837715772391,0.51742786,0.12466022,5.225454890405256,10.000000000000007,0.5322327,0.7860000000000005,-0.29716486746133813,1.2170535,0.76692694,17.2283706326416,0.030033478144545836,-1.2684456573938847,0.692018980920756,5.36788088047807,10.000000000000007,1.444937472151188,1.6700000000000013,-0.1112315115578159,1.0718952160920707,0.9292613310278334,3.359758356167454,-0.3775407404123037,0.41796,0.2954496,7.459617236643863,0.09094394328757938
pumpkintsl8tqs64,0.51637256,0.04766024,5.085052006240219,10.000000000000007,0.5185675,1.5830000000000013,0.29395904131761763,0.8181043,1.1979942,117.38536377198125,0.004398951841932112,0.3650614,0.05493384,3.783147582831884,10.000000000000007,0.36917147,0.37100000000000016,-0.4173671389809619,1.397361,0.48487544,44.16233678922276,0.008266351303274853,0.8402036579350776,0.1881873621529215,4.808322081253477,10.000000000000007,0.8610207084793458,0.9210000000000007,-0.5649933999215518,1.4246639793143543,0.6082674582260582,19.933719595177035,0.04214986841383908,0.42827567,0.2976663,5.910878347226941,0.09111366050576422
pumpkingQP3tQP1,0.58437854,0.06965828,4.674235927025971,10.000000000000007,0.5885158,10.000000000000007,0.21269355658356148,0.87890255,1.1260645,70.37901619717104,0.008303305955324624,0.28340644,0.19308804,2.5545907979659472,2.9530000000000025,0.34293163,6.060000000000005,-0.6184844206647736,1.4676125,0.7426288,2.1543133712912663,0.13155302434631483,-0.2140299555191781,3.16511697853587,0.8958376188515921,0.2,3.172344477179554,0.2,-0.5009848817092725,2.1120718729299353,0.11510259165283838,0.004572669369954845,-46.80634837180272,0.4315058,0.34867623,5.268751992112596,0.0913684508068447
pumpkingsigma2tsigma8,0.5472382,0.07370936,6.982378453662648,10.000000000000007,0.5521801,2.3020000000000023,0.14948667379311587,0.9094562,1.0940769,55.11981562675123,0.00992815729694656,1.5933064,0.4913004,6.2350330574544754,10.000000000000007,1.6673334,1.625000000000001,0.2970751926684489,0.81381124,1.1962472,10.51731208467595,0.1514936980648639,-4.621806208385136,3.2577604937053697,5.9498432482218755,2.5750000000000024,5.654563453534964,1.339000000000001,-0.4571589700020215,1.3175323373476455,0.7101739985985904,2.01272988262665,-2.296287369844975,0.47270247,0.29064643,7.59460165700737,0.08692240552977262
pumpkintsl4tqs64,0.5367214,0.04796569,4.368146809510034,10.000000000000007,0.5388603,2.0180000000000016,0.29998457903734466,0.8086529,1.184247,125.20930355368273,0.0042865939646066446,0.3489625,0.070133686,3.2638089944642346,10.000000000000007,0.35594043,0.38000000000000017,-0.6618500973015634,1.7878988,0.3646969,24.757361741649447,0.014095302593552829,0.7019234240028178,0.19342508458856247,4.357828715401228,10.000000000000007,0.72808635741786,1.0080000000000007,-0.732342915872677,1.6107162461955276,0.5770792108048193,13.169037280169793,0.05330104312634824,0.41025275,0.27950987,5.207546605089805,0.09105947807473921
pumpkingsigma2tsigma32,0.5474014,0.073744796,6.948793751653158,10.000000000000007,0.5523464,2.320000000000002,0.14823717630831604,0.91021067,1.0931524,55.09972346001655,0.009934739467409281,1.5909774,0.49164426,6.24844719786999,10.000000000000007,1.6652098,1.6350000000000013,0.29741582855692766,0.81383634,1.1963707,10.471921680811874,0.1519279288116582,-4.613537844736998,3.2586143245032266,6.022077619749703,2.554000000000002,5.648299792606082,1.347000000000001,-0.4568207153274848,1.317035338607849,0.7107793522524709,2.0044839643208503,-2.301608756595932,0.47288635,0.29066572,7.59465368689231,0.09054492952012995
pumpkinpqs1qs48rounded,0.5979359,0.055561215,6.797369687505461,10.000000000000007,0.6005117,2.469000000000002,0.16875812450597263,0.8984069,1.105495,115.81537045669756,0.005162837715772391,0.51742786,0.12466022,5.225454890405256,10.000000000000007,0.5322327,0.7860000000000005,-0.29716486746133813,1.2170535,0.76692694,17.2283706326416,0.030033478144545836,-1.2684456573938847,0.692018980920756,5.36788088047807,10.000000000000007,1.444937472151188,1.6700000000000013,-0.1112315115578159,1.0718952160920707,0.9292613310278334,3.359758356167454,-0.3775407404123037,0.41796,0.2954496,7.459617236643863,0.09068797094722074
pumpkingQP3tQP3,0.58437854,0.06965828,4.674235927025971,10.000000000000007,0.5885158,10.000000000000007,0.21269355658356148,0.87890255,1.1260645,70.37901619717104,0.008303305955324624,0.28340644,0.19308804,2.5545907979659472,2.9530000000000025,0.34293163,6.060000000000005,-0.6184844206647736,1.4676125,0.7426288,2.1543133712912663,0.13155302434631483,-0.2140299555191781,3.16511697853587,0.8958376188515921,0.2,3.172344477179554,0.2,-0.5009848817092725,2.1120718729299353,0.11510259165283838,0.004572669369954845,-46.80634837180272,0.4315058,0.34867623,5.268751992112596,0.09087506600708797
pumpkingQP2tQP3,0.58242553,0.065773584,4.928283791536329,10.000000000000007,0.58612776,10.000000000000007,0.1626296391208659,0.9068165,1.0958014,78.41118578880923,0.007427837770335836,0.31018934,0.16243578,2.76994393319135,10.000000000000007,0.3501469,1.7510000000000014,-1.025762201543853,1.9093989,0.60255545,3.6466204945791105,0.08506214301022746,-0.08101945024280126,0.9482443434938553,2.5432308070223995,0.2740000000000001,0.9516990384292193,0.3250000000000001,-0.5815132040101614,1.7778802597077217,0.37395273607163454,0.007300259002092433,-11.098161067926373,0.42887354,0.33096594,5.630338130020841,0.09028784879656346
pumpkinlevel7,0.5852053,0.045862444,6.810158923634762,10.000000000000007,0.5869996,1.7470000000000014,0.24265299418706557,0.847446,1.1566856,162.8208427804284,0.00359416730860583,6.825503,1.5160288,6.3813460721667665,10.000000000000007,6.991837,1.444000000000001,0.29681558994142376,0.809813,1.1990067,20.270398506021593,0.3367226830382333,-268.5467115525363,42.96249338299178,6.407280809409968,10.000000000000007,271.9615393890102,1.2970000000000008,-0.2718643817997578,1.1824231832918335,0.8191068022730988,39.07226037853261,-6.873078469247797,0.40959865,0.28339165,7.518144697670321,0.08178876487442358
pumpkingsigma4tsigma16,0.5421446,0.07336073,6.927551799957191,10.000000000000007,0.5470854,2.271000000000002,0.1597770537807487,0.9032003,1.1007884,54.61390928851415,0.009926858828007937,2.5322335,1.0493739,5.834232423588222,10.000000000000007,2.7410553,1.2410000000000008,0.4747172212720468,0.6957873,1.33561,5.8230079054151815,0.4348668944673154,-11.54145188041898,9.055586991774506,5.341420114842929,1.7820000000000014,14.669993350716313,0.9630000000000007,-0.6172626709145307,1.4731884257243821,0.5918092690511492,1.624381395763602,-7.10513670651435,0.48796153,0.29028147,7.598963960447468,0.08780146663887678
pumpkingQP1tQP3,0.58276534,0.06300587,4.894017638650051,10.000000000000007,0.58616143,10.000000000000007,0.13842143584718,0.92060405,1.0814576,85.55110301779132,0.006811897962558374,0.31756192,0.14954016,2.6346052395028052,10.000000000000007,0.3510097,1.300000000000001,-1.1790149388248001,2.123272,0.5483332,4.509634456344656,0.07041854724588496,-0.0561622639783327,0.8861167643162544,1.9951070998766895,0.24600000000000005,0.8878945559174437,0.2790000000000001,-0.5075836020512002,1.735809397463645,0.33731082287317177,0.004017052574738344,-13.980963139869013,0.42287588,0.32306582,5.6512680201273024,0.09085073721430799
pumpkintsl6tqs128,0.53306675,0.047713798,4.578446426203824,10.000000000000007,0.53519773,1.9250000000000014,0.2730929981472574,0.82255924,1.1663562,124.81746071546604,0.0042707705300912445,0.351659,0.06688846,3.378681221270776,10.000000000000007,0.35796404,0.37000000000000016,-0.586661753630115,1.6651175,0.3800752,27.640199984747596,0.012722736956213992,0.7284696289255914,0.19513835247207892,4.522297841164713,10.000000000000007,0.7541531439608808,0.9340000000000006,-0.6130515133920714,1.4988832580459517,0.6164037958937392,13.935988289428247,0.05227254887105523,0.41600096,0.2828238,5.396969227321132,0.09106606635082022
pumpkingsigma0tsigma8,0.59787863,0.05553081,6.740198760219561,10.000000000000007,0.6004519,2.4700000000000024,0.1684085519400264,0.89862734,1.1052791,115.92001724077363,0.005157682631120605,0.5174477,0.124668315,5.094760743834675,10.000000000000007,0.5322541,0.7860000000000005,-0.2973273035745716,1.2172225,0.7668498,17.22745624908589,0.03003622486437602,-1.268365703888291,0.6921020584890611,5.254728581732556,10.000000000000007,1.4449070768702397,1.6680000000000013,-0.11106852041710719,1.0717798096725744,0.9293308769359693,3.358528382732002,-0.37765519875003595,0.4179682,0.29545778,7.459454059941363,0.08686764927391695
pumpkinpqs1qs64rounded,0.5979359,0.055561215,6.797369687505461,10.000000000000007,0.6005117,2.469000000000002,0.16875812450597263,0.8984069,1.105495,115.81537045669756,0.005162837715772391,0.51742786,0.12466022,5.225454890405256,10.000000000000007,0.5322327,0.7860000000000005,-0.29716486746133813,1.2170535,0.76692694,17.2283706326416,0.030033478144545836,-1.2684456573938847,0.692018980920756,5.36788088047807,10.000000000000007,1.444937472151188,1.6700000000000013,-0.1112315115578159,1.0718952160920707,0.9292613310278334,3.359758356167454,-0.3775407404123037,0.41796,0.2954496,7.459617236643863,0.09038421799724544
pumpkingsigma0tsigma32,0.59787863,0.05553081,6.740198760219561,10.000000000000007,0.6004519,2.4700000000000024,0.1684085519400264,0.89862734,1.1052791,115.92001724077363,0.005157682631120605,0.5174477,0.124668315,5.094760743834675,10.000000000000007,0.5322541,0.7860000000000005,-0.2973273035745716,1.2172225,0.7668498,17.22745624908589,0.03003622486437602,-1.268365703888291,0.6921020584890611,5.254728581732556,10.000000000000007,1.4449070768702397,1.6680000000000013,-0.11106852041710719,1.0717798096725744,0.9293308769359693,3.358528382732002,-0.37765519875003595,0.4179682,0.29545778,7.459454059941363,0.09051318904120395
pumpkingQP2tQP2,0.58242553,0.065773584,4.928283791536329,10.000000000000007,0.58612776,10.000000000000007,0.1626296391208659,0.9068165,1.0958014,78.41118578880923,0.007427837770335836,0.31018934,0.16243578,2.76994393319135,10.000000000000007,0.3501469,1.7510000000000014,-1.025762201543853,1.9093989,0.60255545,3.6466204945791105,0.08506214301022746,-0.08101945024280126,0.9482443434938553,2.5432308070223995,0.2740000000000001,0.9516990384292193,0.3250000000000001,-0.5815132040101614,1.7778802597077217,0.37395273607163454,0.007300259002092433,-11.098161067926373,0.42887354,0.33096594,5.630338130020841,0.09052676139407316
pumpkingsigma0tsigma16,0.59787863,0.05553081,6.740198760219561,10.000000000000007,0.6004519,2.4700000000000024,0.1684085519400264,0.89862734,1.1052791,115.92001724077363,0.005157682631120605,0.5174477,0.124668315,5.094760743834675,10.000000000000007,0.5322541,0.7860000000000005,-0.2973273035745716,1.2172225,0.7668498,17.22745624908589,0.03003622486437602,-1.268365703888291,0.6921020584890611,5.254728581732556,10.000000000000007,1.4449070768702397,1.6680000000000013,-0.11106852041710719,1.0717798096725744,0.9293308769359693,3.358528382732002,-0.37765519875003595,0.4179682,0.29545778,7.459454059941363,0.087645738333884
pumpkinpqs1qs32rounded,0.5979359,0.055561215,6.797369687505461,10.000000000000007,0.6005117,2.469000000000002,0.16875812450597263,0.8984069,1.105495,115.81537045669756,0.005162837715772391,0.51742786,0.12466022,5.225454890405256,10.000000000000007,0.5322327,0.7860000000000005,-0.29716486746133813,1.2170535,0.76692694,17.2283706326416,0.030033478144545836,-1.2684456573938847,0.692018980920756,5.36788088047807,10.000000000000007,1.444937472151188,1.6700000000000013,-0.1112315115578159,1.0718952160920707,0.9292613310278334,3.359758356167454,-0.3775407404123037,0.41796,0.2954496,7.459617236643863,0.09085169009648586
pumpkintsl4tqs256,0.5367214,0.04796569,4.368146809510034,10.000000000000007,0.5388603,2.0180000000000016,0.29998457903734466,0.8086529,1.184247,125.20930355368273,0.0042865939646066446,0.3489625,0.070133686,3.2638089944642346,10.000000000000007,0.35594043,0.38000000000000017,-0.6618500973015634,1.7878988,0.3646969,24.757361741649447,0.014095302593552829,0.7019234240028178,0.19342508458856247,4.357828715401228,10.000000000000007,0.72808635741786,1.0080000000000007,-0.732342915872677,1.6107162461955276,0.5770792108048193,13.169037280169793,0.05330104312634824,0.41025275,0.27950987,5.207546605089805,0.09074176900366457
pumpkinlevel9,0.6052818,0.05681199,6.768343719829225,10.000000000000007,0.60794204,2.465000000000002,0.1691673638825711,0.8980247,1.1056445,113.51044503096,0.005332388192325271,0.8319537,0.17101447,5.691058826116618,10.000000000000007,0.8493485,1.0990000000000009,-0.10728125235340834,1.0721452,0.92379224,23.666455108734453,0.03515328917380827,-6.276202999756306,1.9810626863272545,6.215992004590451,10.000000000000007,6.581438131722944,1.6220000000000012,-0.11953683774913305,1.0790758600075956,0.9251502420702666,10.036866452389747,-0.6253149854616189,0.41375235,0.2909646,7.527400504218629,0.07938539842446096
pumpkintsl8tqs256,0.51637256,0.04766024,5.085052006240219,10.000000000000007,0.5185675,1.5830000000000013,0.29395904131761763,0.8181043,1.1979942,117.38536377198125,0.004398951841932112,0.3650614,0.05493384,3.783147582831884,10.000000000000007,0.36917147,0.37100000000000016,-0.4173671389809619,1.397361,0.48487544,44.16233678922276,0.008266351303274853,0.8402036579350776,0.1881873621529215,4.808322081253477,10.000000000000007,0.8610207084793458,0.9210000000000007,-0.5649933999215518,1.4246639793143543,0.6082674582260582,19.933719595177035,0.04214986841383908,0.42827567,0.2976663,5.910878347226941,0.09083577132625874
pumpkingQP2tQP1,0.58242553,0.065773584,4.928283791536329,10.000000000000007,0.58612776,10.000000000000007,0.1626296391208659,0.9068165,1.0958014,78.41118578880923,0.007427837770335836,0.31018934,0.16243578,2.76994393319135,10.000000000000007,0.3501469,1.7510000000000014,-1.025762201543853,1.9093989,0.60255545,3.6466204945791105,0.08506214301022746,-0.08101945024280126,0.9482443434938553,2.5432308070223995,0.2740000000000001,0.9516990384292193,0.3250000000000001,-0.5815132040101614,1.7778802597077217,0.37395273607163454,0.007300259002092433,-11.098161067926373,0.42887354,0.33096594,5.630338130020841,0.09078989188239027
pumpkintsl4tqs128,0.5367214,0.04796569,4.368146809510034,10.000000000000007,0.5388603,2.0180000000000016,0.29998457903734466,0.8086529,1.184247,125.20930355368273,0.0042865939646066446,0.3489625,0.070133686,3.2638089944642346,10.000000000000007,0.35594043,0.38000000000000017,-0.6618500973015634,1.7878988,0.3646969,24.757361741649447,0.014095302593552829,0.7019234240028178,0.19342508458856247,4.357828715401228,10.000000000000007,0.72808635741786,1.0080000000000007,-0.732342915872677,1.6107162461955276,0.5770792108048193,13.169037280169793,0.05330104312634824,0.41025275,0.27950987,5.207546605089805,0.09089923935565923
pumpkintsl8tqs512,0.51637256,0.04766024,5.085052006240219,10.000000000000007,0.5185675,1.5830000000000013,0.29395904131761763,0.8181043,1.1979942,117.38536377198125,0.004398951841932112,0.3650614,0.05493384,3.783147582831884,10.000000000000007,0.36917147,0.37100000000000016,-0.4173671389809619,1.397361,0.48487544,44.16233678922276,0.008266351303274853,0.8402036579350776,0.1881873621529215,4.808322081253477,10.000000000000007,0.8610207084793458,0.9210000000000007,-0.5649933999215518,1.4246639793143543,0.6082674582260582,19.933719595177035,0.04214986841383908,0.42827567,0.2976663,5.910878347226941,0.09057025465819735
pumpkingsigma2tsigma16,0.54744333,0.07378926,6.963671125310576,10.000000000000007,0.5523939,2.3100000000000023,0.14942329095782572,0.90949345,1.0939747,55.04176839167485,0.00994596222301668,1.5912784,0.49177682,6.383906268126832,10.000000000000007,1.665536,1.6270000000000013,0.2986906061171086,0.81301844,1.1974653,10.470238268188098,0.1519811138082925,-4.6159717897413834,3.2608343382428804,6.011264405196076,2.553000000000002,5.651568624798614,1.338000000000001,-0.457555061482626,1.3178048739057366,0.7098379223645475,2.0038682144535236,-2.303530619652155,0.4729453,0.29074368,7.594596071617841,0.0876750731152953
pumpkintsl8tqs128,0.51637256,0.04766024,5.085052006240219,10.000000000000007,0.5185675,1.5830000000000013,0.29395904131761763,0.8181043,1.1979942,117.38536377198125,0.004398951841932112,0.3650614,0.05493384,3.783147582831884,10.000000000000007,0.36917147,0.37100000000000016,-0.4173671389809619,1.397361,0.48487544,44.16233678922276,0.008266351303274853,0.8402036579350776,0.1881873621529215,4.808322081253477,10.000000000000007,0.8610207084793458,0.9210000000000007,-0.5649933999215518,1.4246639793143543,0.6082674582260582,19.933719595177035,0.04214986841383908,0.42827567,0.2976663,5.910878347226941,0.09095896698735313
housegsigma2tsigma8,0.5433587,0.072910495,6.976132960459964,10.000000000000007,0.5482288,2.2940000000000023,0.15206995776154983,0.9078803,1.0957541,55.53840388921003,0.009783476729663277,1.3823025,0.4447254,5.5140263111275045,10.000000000000007,1.4520814,1.5590000000000013,0.33950889736983286,0.78679514,1.2265646,9.661012925064881,0.14308050554008053,-3.2631578777866808,2.7882076847850747,4.605626693854464,1.4470000000000012,4.292120249569141,1.195000000000001,-0.5093872800851427,1.36218183815831,0.6703838119216899,1.369702419511058,-2.38238454667513,0.49909374,0.28742808,7.598561064097155,0.08965095361016477
pumpkintsl4tqs512,0.5367214,0.04796569,4.368146809510034,10.000000000000007,0.5388603,2.0180000000000016,0.29998457903734466,0.8086529,1.184247,125.20930355368273,0.0042865939646066446,0.3489625,0.070133686,3.2638089944642346,10.000000000000007,0.35594043,0.38000000000000017,-0.6618500973015634,1.7878988,0.3646969,24.757361741649447,0.014095302593552829,0.7019234240028178,0.19342508458856247,4.357828715401228,10.000000000000007,0.72808635741786,1.0080000000000007,-0.732342915872677,1.6107162461955276,0.5770792108048193,13.169037280169793,0.05330104312634824,0.41025275,0.27950987,5.207546605089805,0.0905252804507849
housegsigma2tsigma16,0.54319084,0.0728351,6.976981498831262,10.000000000000007,0.54805243,2.295000000000002,0.15306110824264801,0.9072997,1.0963901,55.61906401280794,0.009766271014897314,1.3827336,0.44411743,5.927126149868908,10.000000000000007,1.4523059,1.561000000000001,0.3383178430924815,0.78763366,1.2257748,9.693523708629982,0.14264509002679707,-3.2633961304784607,2.7763819564839674,5.228062800774402,1.4630000000000012,4.284629029966601,1.211000000000001,-0.5065001587886385,1.3593753007567695,0.6733649350824328,1.381597224056106,-2.3620459520740433,0.49937436,0.2875355,7.598548755188306,0.0905481598940022
houselevel7,0.58268505,0.051106114,6.786478193570037,10.000000000000007,0.58492196,1.7050000000000012,0.19876702154368345,0.87422717,1.1283747,129.9961754602009,0.004482324479340781,10.410801,4.0323367,6.7531059039159125,10.000000000000007,11.164416,4.264000000000004,0.15520904858824713,0.9089021,1.0929582,6.665968157235568,1.5617837939094827,-251.20768738508463,45.141615056258814,6.505531641995453,10.000000000000007,255.23132179355898,1.6540000000000012,-0.07575974219055866,1.0486835442630924,0.9514031180291425,30.96850119511736,-8.111716024044819,0.4872589,0.2795079,7.505212646755975,0.08522846759380416
houselevel9,0.5982512,0.055976685,6.687608506354527,10.000000000000007,0.60086435,2.372000000000002,0.17254505745533769,0.89561534,1.108115,114.22298240684904,0.0052375733936063625,0.8709474,0.19257924,5.671939042711889,10.000000000000007,0.8919842,1.2570000000000008,0.16770001324191008,0.8923817,1.1178406,20.453403392240034,0.04258202648911572,-5.58950253004353,1.7650407966425699,4.459212453007335,10.000000000000007,5.8615614811055545,1.5500000000000012,-0.15928422082491756,1.1049269275729152,0.8984215027348261,10.028534028757754,-0.5573598807178708,0.49053156,0.28291482,7.551723640428363,0.08143414414714159
housegsigma4tsigma32,0.54014343,0.072791845,6.9500351804841625,10.000000000000007,0.54502624,2.263000000000002,0.16136424582622724,0.9021987,1.1018182,55.06213305481742,0.009809708108211199,2.1693268,0.95422417,5.756153684445066,10.000000000000007,2.3699198,1.1420000000000008,0.5189262723349248,0.6644392,1.3759719,5.168319685425615,0.4197353777620631,-8.71612332595579,7.948698348185216,4.985850121724393,1.2160000000000009,11.796294755877863,0.8450000000000006,-0.667930426142414,1.5377669172610178,0.548557082487775,1.2024166604751478,-7.248837788484669,0.50005025,0.28945723,7.599817950061968,0.09396651767578187
housegsigma4tsigma8,0.54032415,0.07288694,6.948365929416885,10.000000000000007,0.5452181,2.274000000000002,0.16048140178821083,0.90277296,1.1012065,54.95530654812342,0.009832065103323993,2.1684964,0.9554386,5.711806435296822,10.000000000000007,2.3696496,1.1420000000000008,0.5198131498307852,0.663988,1.3767368,5.151243943350892,0.4209655473850049,-8.720394222779976,7.965677905073974,4.799544621753234,1.211000000000001,11.810895749587608,0.8430000000000006,-0.6679310903746075,1.5380619926566605,0.5481483074931691,1.198469642664854,-7.2762746024920295,0.50010395,0.28946936,7.599818083785536,0.08978493713404138
housegQP3tQP1,0.58617514,0.07579047,4.630150742447382,10.000000000000007,0.5910545,10.000000000000007,0.24423220887541358,0.8613671,1.1451788,59.81716369433343,0.009799447092319169,0.27612945,0.21940853,2.195114228189632,1.7180000000000013,0.3526863,2.1820000000000017,-0.3246075905407631,1.2584294,0.8553994,1.5838666072699112,0.17433881590083902,-0.20181231838716443,4.388761237840855,0.9853712147327782,0.2,4.3933977076020145,0.2,-0.5590960554707088,2.3215647752992816,0.09295930471320811,0.0021145193290594924,-95.44122657744994,0.55003864,0.36120942,5.056512280706592,0.09446974183505183
housegQP3tQP3,0.58617514,0.07579047,4.630150742447382,10.000000000000007,0.5910545,10.000000000000007,0.24423220887541358,0.8613671,1.1451788,59.81716369433343,0.009799447092319169,0.27612945,0.21940853,2.195114228189632,1.7180000000000013,0.3526863,2.1820000000000017,-0.3246075905407631,1.2584294,0.8553994,1.5838666072699112,0.17433881590083902,-0.20181231838716443,4.388761237840855,0.9853712147327782,0.2,4.3933977076020145,0.2,-0.5590960554707088,2.3215647752992816,0.09295930471320811,0.0021145193290594924,-95.44122657744994,0.55003864,0.36120942,5.056512280706592,0.09354496857409006
housegsigma0tsigma16,0.5992572,0.058402564,6.656643755825475,10.000000000000007,0.6020962,2.4710000000000023,0.16150567575224328,0.9027497,1.100924,105.28414148686807,0.0056918089833265665,0.4532955,0.120111376,4.8464942102992286,10.000000000000007,0.46893862,0.6890000000000005,-0.33672973476803486,1.2594587,0.7255777,14.242780337174338,0.03182633345360767,-0.490423688206213,0.5678221492931048,2.879336618665679,0.9680000000000006,0.7502913978046084,0.7360000000000004,-0.35475811586106293,1.255736753806244,0.7064227196845212,0.7459650779031113,-0.6574351839429018,0.50424594,0.29595265,7.414549715309143,0.09052844489743071
housepqs1qs32rounded,0.5993621,0.058461502,6.649726556076936,10.000000000000007,0.60220635,2.4700000000000024,0.1615007256442038,0.902752,1.1009272,105.10874160205367,0.005702304502818234,0.45319715,0.12019897,4.837044744589898,10.000000000000007,0.46886614,0.6890000000000005,-0.3364889083740219,1.2590858,0.72558665,14.215860782879247,0.03187968460009847,-0.4904369345000551,0.5681043099829451,2.8817466586190554,0.9670000000000007,0.750513616116744,0.7350000000000005,-0.3549212217462264,1.2559721506057666,0.7061465725505832,0.7452645215289062,-0.658070953778836,0.50426143,0.2959468,7.413969269734784,0.09377240957545144
housegQP1tQP2,0.5784307,0.06550862,5.093553109774775,10.000000000000007,0.5821286,10.000000000000007,0.15661124892007147,0.91101307,1.0930042,77.9661534490233,0.007418997881165499,0.3406077,0.13894306,3.5673708470252787,10.000000000000007,0.3678569,0.7360000000000004,-1.0260405035138143,2.141679,0.5529389,6.009459184497246,0.05667859484144102,0.013005073521118697,0.6696635403551319,2.9533196237745605,0.3890000000000002,0.6697896357425618,0.4180000000000002,-0.43690612254752564,1.4092140119931975,0.5262682867864207,0.00037714863486953547,34.48262122337379,0.5147441,0.3146386,5.865619205569587,0.09365801475805284
housegQP1tQP1,0.5784307,0.06550862,5.093553109774775,10.000000000000007,0.5821286,10.000000000000007,0.15661124892007147,0.91101307,1.0930042,77.9661534490233,0.007418997881165499,0.3406077,0.13894306,3.5673708470252787,10.000000000000007,0.3678569,0.7360000000000004,-1.0260405035138143,2.141679,0.5529389,6.009459184497246,0.05667859484144102,0.013005073521118697,0.6696635403551319,2.9533196237745605,0.3890000000000002,0.6697896357425618,0.4180000000000002,-0.43690612254752564,1.4092140119931975,0.5262682867864207,0.00037714863486953547,34.48262122337379,0.5147441,0.3146386,5.865619205569587,0.09413191675716848
housepqs1qs48rounded,0.5993621,0.058461502,6.649726556076936,10.000000000000007,0.60220635,2.4700000000000024,0.1615007256442038,0.902752,1.1009272,105.10874160205367,0.005702304502818234,0.45319715,0.12019897,4.837044744589898,10.000000000000007,0.46886614,0.6890000000000005,-0.3364889083740219,1.2590858,0.72558665,14.215860782879247,0.03187968460009847,-0.4904369345000551,0.5681043099829451,2.8817466586190554,0.9670000000000007,0.750513616116744,0.7350000000000005,-0.3549212217462264,1.2559721506057666,0.7061465725505832,0.7452645215289062,-0.658070953778836,0.50426143,0.2959468,7.413969269734784,0.09357187049975645
housetsl8tqs128,0.5133476,0.046362236,4.9954514759776725,10.000000000000007,0.51543695,1.5790000000000013,0.24334258186383212,0.84694326,1.1615398,122.60114832315594,0.004187135853961378,0.36863035,0.045462206,3.481591195514395,10.000000000000007,0.3714233,0.4060000000000002,-0.3602566556947364,1.3149161,0.57339704,65.74781097620962,0.005606731783037799,0.8571723119431038,0.2732549488086013,1.7624131478903573,10.000000000000007,0.8996736174314429,0.35200000000000015,-0.5170379768720136,1.5599387366800757,0.38598790925432586,9.840118340069981,0.0871099596894693,0.49865776,0.29634848,5.944844938884926,0.09349709095011118
housetsl4tqs512,0.53529584,0.048430983,4.454575027855135,10.000000000000007,0.5374822,1.8870000000000016,0.32442615616820547,0.7941967,1.2035993,122.16346420032005,0.004381799439628028,0.34963727,0.07024649,3.301605540206255,10.000000000000007,0.35662422,0.38100000000000017,-0.6621287262180602,1.798536,0.37728634,24.77344575245297,0.014113389464895546,0.7082648246792244,0.19344984014679395,4.312673731612679,10.000000000000007,0.734208340403254,0.9610000000000007,-0.7269310154718038,1.6241854885071818,0.5856500836472641,13.404628289375816,0.05283733419453173,0.48027772,0.27765855,5.299261886344726,0.09235801444875227
housetsl6tqs128,0.53047276,0.04786024,4.711105516630399,10.000000000000007,0.53262734,1.9340000000000015,0.29926155937988147,0.8121193,1.1886513,122.85041803516742,0.004318037741450526,0.3575224,0.057544425,3.4749473808287292,10.000000000000007,0.36212382,0.36600000000000016,-0.5690912916874721,1.6861628,0.43000466,38.60114161568367,0.009261963987916892,0.7460936792296247,0.18224389617415682,4.233340521914915,10.000000000000007,0.7680290384902618,0.8510000000000006,-0.38145251096757177,1.275254373167399,0.7115112895282364,16.76026550433356,0.044515624113276336,0.4852133,0.27791277,5.590999111619381,0.09329155035794337
housepqs1qs16rounded,0.5993621,0.058461502,6.649726556076936,10.000000000000007,0.60220635,2.4700000000000024,0.1615007256442038,0.902752,1.1009272,105.10874160205367,0.005702304502818234,0.45319715,0.12019897,4.837044744589898,10.000000000000007,0.46886614,0.6890000000000005,-0.3364889083740219,1.2590858,0.72558665,14.215860782879247,0.03187968460009847,-0.4904369345000551,0.5681043099829451,2.8817466586190554,0.9670000000000007,0.750513616116744,0.7350000000000005,-0.3549212217462264,1.2559721506057666,0.7061465725505832,0.7452645215289062,-0.658070953778836,0.50426143,0.2959468,7.413969269734784,0.09382522025388022
housegQP1tQP3,0.5784307,0.06550862,5.093553109774775,10.000000000000007,0.5821286,10.000000000000007,0.15661124892007147,0.91101307,1.0930042,77.9661534490233,0.007418997881165499,0.3406077,0.13894306,3.5673708470252787,10.000000000000007,0.3678569,0.7360000000000004,-1.0260405035138143,2.141679,0.5529389,6.009459184497246,0.05667859484144102,0.013005073521118697,0.6696635403551319,2.9533196237745605,0.3890000000000002,0.6697896357425618,0.4180000000000002,-0.43690612254752564,1.4092140119931975,0.5262682867864207,0.00037714863486953547,34.48262122337379,0.5147441,0.3146386,5.865619205569587,0.09330169313640321
housegQP2tQP3,0.57921404,0.06759343,5.0107739210338265,10.000000000000007,0.583145,10.000000000000007,0.17815301835399688,0.8989938,1.1060177,73.42928519054203,0.007888051527816806,0.3299624,0.15554333,3.1023557344353474,10.000000000000007,0.36478612,0.9830000000000008,-1.0722366815872548,2.115571,0.5926246,4.500144242230419,0.07332263488622023,-0.009634031478619444,0.9036502068323319,2.592667348269531,0.2790000000000001,0.9037013264929291,0.3010000000000001,-0.5743780570092545,1.839061388698062,0.3609168252969378,0.00011366209130952943,-84.7602869841946,0.5223281,0.32451156,5.731248033662293,0.09349530284932099
housetsl6tqs512,0.53047276,0.04786024,4.711105516630399,10.000000000000007,0.53262734,1.9340000000000015,0.29926155937988147,0.8121193,1.1886513,122.85041803516742,0.004318037741450526,0.3575224,0.057544425,3.4749473808287292,10.000000000000007,0.36212382,0.36600000000000016,-0.5690912916874721,1.6861628,0.43000466,38.60114161568367,0.009261963987916892,0.7460936792296247,0.18224389617415682,4.233340521914915,10.000000000000007,0.7680290384902618,0.8510000000000006,-0.38145251096757177,1.275254373167399,0.7115112895282364,16.76026550433356,0.044515624113276336,0.4852133,0.27791277,5.590999111619381,0.0926382768132428
housetsl6tqs256,0.53047276,0.04786024,4.711105516630399,10.000000000000007,0.53262734,1.9340000000000015,0.29926155937988147,0.8121193,1.1886513,122.85041803516742,0.004318037741450526,0.3575224,0.057544425,3.4749473808287292,10.000000000000007,0.36212382,0.36600000000000016,-0.5690912916874721,1.6861628,0.43000466,38.60114161568367,0.009261963987916892,0.7460936792296247,0.18224389617415682,4.233340521914915,10.000000000000007,0.7680290384902618,0.8510000000000006,-0.38145251096757177,1.275254373167399,0.7115112895282364,16.76026550433356,0.044515624113276336,0.4852133,0.27791277,5.590999111619381,0.09298706811150517
houselevel8,0.589597,0.052074593,6.749699933402228,10.000000000000007,0.59189224,2.0780000000000016,0.18548194684436053,0.886241,1.117722,128.1920144389769,0.004599326800704883,2.7320178,0.83881897,5.977171335836359,10.000000000000007,2.85789,2.6830000000000025,0.37983084202466594,0.78342366,1.2463125,10.60798357284716,0.2575435532013104,-42.89259649085302,8.702546879049681,5.375360414298746,10.000000000000007,43.76652565811251,1.6570000000000011,-0.11896461277070432,1.0769331572821057,0.9242142494586122,24.292608682812975,-1.7656644887710036,0.4873749,0.27831006,7.530461072934054,0.08168344182354306
housegsigma4tsigma16,0.54029137,0.07281573,6.945145001690212,10.000000000000007,0.54517615,2.268000000000002,0.16043112442090118,0.90276074,1.1011832,55.05616053950598,0.009813459468317812,2.1679928,0.9562534,5.867843811955534,10.000000000000007,2.3695164,1.135000000000001,0.5198317490124255,0.6633508,1.3770771,5.140081214472048,0.4217817910770081,-8.716852547594671,7.9852951188585735,5.264345781820851,1.2040000000000008,11.821523370252974,0.8370000000000006,-0.6676795283564334,1.5387440469072804,0.5470715792831026,1.1916198811336784,-7.315128494920434,0.49974084,0.28961086,7.599784717978636,0.09068112215902739
housepqs1qs64rounded,0.5993621,0.058461502,6.649726556076936,10.000000000000007,0.60220635,2.4700000000000024,0.1615007256442038,0.902752,1.1009272,105.10874160205367,0.005702304502818234,0.45319715,0.12019897,4.837044744589898,10.000000000000007,0.46886614,0.6890000000000005,-0.3364889083740219,1.2590858,0.72558665,14.215860782879247,0.03187968460009847,-0.4904369345000551,0.5681043099829451,2.8817466586190554,0.9670000000000007,0.750513616116744,0.7350000000000005,-0.3549212217462264,1.2559721506057666,0.7061465725505832,0.7452645215289062,-0.658070953778836,0.50426143,0.2959468,7.413969269734784,0.09310920938156896
housetsl4tqs64,0.53529584,0.048430983,4.454575027855135,10.000000000000007,0.5374822,1.8870000000000016,0.32442615616820547,0.7941967,1.2035993,122.16346420032005,0.004381799439628028,0.34963727,0.07024649,3.301605540206255,10.000000000000007,0.35662422,0.38100000000000017,-0.6621287262180602,1.798536,0.37728634,24.77344575245297,0.014113389464895546,0.7082648246792244,0.19344984014679395,4.312673731612679,10.000000000000007,0.734208340403254,0.9610000000000007,-0.7269310154718038,1.6241854885071818,0.5856500836472641,13.404628289375816,0.05283733419453173,0.48027772,0.27765855,5.299261886344726,0.09339874259458161
housegsigma2tsigma32,0.5432192,0.07279659,6.930571466003679,10.000000000000007,0.5480752,2.292000000000002,0.1510007604771597,0.90848523,1.0950538,55.68375523319651,0.00975543423860719,1.3824096,0.4437046,5.799780938643635,10.000000000000007,1.451871,1.5550000000000013,0.3384484834980565,0.7873633,1.2259313,9.707019008358259,0.1424133977779703,-3.2603262449851282,2.7785869341533957,4.84117111070726,1.457000000000001,4.283721211651483,1.193000000000001,-0.507409745204754,1.360643431393143,0.671293262416501,1.3768113311621417,-2.3680268829812325,0.49981976,0.28724045,7.598514579794267,0.0938217598129892
housetsl4tqs128,0.53529584,0.048430983,4.454575027855135,10.000000000000007,0.5374822,1.8870000000000016,0.32442615616820547,0.7941967,1.2035993,122.16346420032005,0.004381799439628028,0.34963727,0.07024649,3.301605540206255,10.000000000000007,0.35662422,0.38100000000000017,-0.6621287262180602,1.798536,0.37728634,24.77344575245297,0.014113389464895546,0.7082648246792244,0.19344984014679395,4.312673731612679,10.000000000000007,0.734208340403254,0.9610000000000007,-0.7269310154718038,1.6241854885071818,0.5856500836472641,13.404628289375816,0.05283733419453173,0.48027772,0.27765855,5.299261886344726,0.0931726182449917
housegQP2tQP1,0.57921404,0.06759343,5.0107739210338265,10.000000000000007,0.583145,10.000000000000007,0.17815301835399688,0.8989938,1.1060177,73.42928519054203,0.007888051527816806,0.3299624,0.15554333,3.1023557344353474,10.000000000000007,0.36478612,0.9830000000000008,-1.0722366815872548,2.115571,0.5926246,4.500144242230419,0.07332263488622023,-0.009634031478619444,0.9036502068323319,2.592667348269531,0.2790000000000001,0.9037013264929291,0.3010000000000001,-0.5743780570092545,1.839061388698062,0.3609168252969378,0.00011366209130952943,-84.7602869841946,0.5223281,0.32451156,5.731248033662293,0.09438729271658466
housetsl8tqs512,0.5133476,0.046362236,4.9954514759776725,10.000000000000007,0.51543695,1.5790000000000013,0.24334258186383212,0.84694326,1.1615398,122.60114832315594,0.004187135853961378,0.36863035,0.045462206,3.481591195514395,10.000000000000007,0.3714233,0.4060000000000002,-0.3602566556947364,1.3149161,0.57339704,65.74781097620962,0.005606731783037799,0.8571723119431038,0.2732549488086013,1.7624131478903573,10.000000000000007,0.8996736174314429,0.35200000000000015,-0.5170379768720136,1.5599387366800757,0.38598790925432586,9.840118340069981,0.0871099596894693,0.49865776,0.29634848,5.944844938884926,0.0929594304101377
housegQP3tQP2,0.58617514,0.07579047,4.630150742447382,10.000000000000007,0.5910545,10.000000000000007,0.24423220887541358,0.8613671,1.1451788,59.81716369433343,0.009799447092319169,0.27612945,0.21940853,2.195114228189632,1.7180000000000013,0.3526863,2.1820000000000017,-0.3246075905407631,1.2584294,0.8553994,1.5838666072699112,0.17433881590083902,-0.20181231838716443,4.388761237840855,0.9853712147327782,0.2,4.3933977076020145,0.2,-0.5590960554707088,2.3215647752992816,0.09295930471320811,0.0021145193290594924,-95.44122657744994,0.55003864,0.36120942,5.056512280706592,0.09391192675657735
housetsl4tqs256,0.53529584,0.048430983,4.454575027855135,10.000000000000007,0.5374822,1.8870000000000016,0.32442615616820547,0.7941967,1.2035993,122.16346420032005,0.004381799439628028,0.34963727,0.07024649,3.301605540206255,10.000000000000007,0.35662422,0.38100000000000017,-0.6621287262180602,1.798536,0.37728634,24.77344575245297,0.014113389464895546,0.7082648246792244,0.19344984014679395,4.312673731612679,10.000000000000007,0.734208340403254,0.9610000000000007,-0.7269310154718038,1.6241854885071818,0.5856500836472641,13.404628289375816,0.05283733419453173,0.48027772,0.27765855,5.299261886344726,0.09270545339895385
housegQP2tQP2,0.57921404,0.06759343,5.0107739210338265,10.000000000000007,0.583145,10.000000000000007,0.17815301835399688,0.8989938,1.1060177,73.42928519054203,0.007888051527816806,0.3299624,0.15554333,3.1023557344353474,10.000000000000007,0.36478612,0.9830000000000008,-1.0722366815872548,2.115571,0.5926246,4.500144242230419,0.07332263488622023,-0.009634031478619444,0.9036502068323319,2.592667348269531,0.2790000000000001,0.9037013264929291,0.3010000000000001,-0.5743780570092545,1.839061388698062,0.3609168252969378,0.00011366209130952943,-84.7602869841946,0.5223281,0.32451156,5.731248033662293,0.0939118540476279
housegsigma0tsigma32,0.5992572,0.058402564,6.656643755825475,10.000000000000007,0.6020962,2.4710000000000023,0.16150567575224328,0.9027497,1.100924,105.28414148686807,0.0056918089833265665,0.4532955,0.120111376,4.8464942102992286,10.000000000000007,0.46893862,0.6890000000000005,-0.33672973476803486,1.2594587,0.7255777,14.242780337174338,0.03182633345360767,-0.490423688206213,0.5678221492931048,2.879336618665679,0.9680000000000006,0.7502913978046084,0.7360000000000004,-0.35475811586106293,1.255736753806244,0.7064227196845212,0.7459650779031113,-0.6574351839429018,0.50424594,0.29595265,7.414549715309143,0.0938008505698309
bananagQP2tQP2,0.58381206,0.065392286,5.069373342915457,10.000000000000007,0.58746284,9.953000000000008,0.16821238422867732,0.9036453,1.099128,79.70645042285105,0.00732452688842086,0.31494674,0.17043081,3.017147513584737,10.000000000000007,0.3581034,1.284000000000001,-0.8907504896033033,1.8477297,0.6550729,3.4149037143471475,0.09222711811394443,-0.1152774475429799,1.7169065547515105,1.7334276255969139,0.2,1.7207714148372062,0.2,-0.3949387462127348,1.7980440595700613,0.22378389131491705,0.004508123352458975,-25.57104997584002,0.4994881,0.33128974,5.722221827219993,0.021694757579880902
housetsl8tqs256,0.5133476,0.046362236,4.9954514759776725,10.000000000000007,0.51543695,1.5790000000000013,0.24334258186383212,0.84694326,1.1615398,122.60114832315594,0.004187135853961378,0.36863035,0.045462206,3.481591195514395,10.000000000000007,0.3714233,0.4060000000000002,-0.3602566556947364,1.3149161,0.57339704,65.74781097620962,0.005606731783037799,0.8571723119431038,0.2732549488086013,1.7624131478903573,10.000000000000007,0.8996736174314429,0.35200000000000015,-0.5170379768720136,1.5599387366800757,0.38598790925432586,9.840118340069981,0.0871099596894693,0.49865776,0.29634848,5.944844938884926,0.09326249688450457
bananagsigma4tsigma32,0.54096794,0.07299334,7.008203432236609,10.000000000000007,0.5458701,2.274000000000002,0.1603859082191238,0.90284777,1.1011633,54.92590733343968,0.00984904906141805,2.3057714,1.0374366,4.792461391319609,10.000000000000007,2.52841,1.1760000000000008,0.4824777548373943,0.68629044,1.343727,4.939805491354093,0.466773720314443,-9.826429370025476,9.077845150472633,3.9153801636476904,1.1820000000000008,13.377813059175313,0.7980000000000005,-0.631574272285407,1.5063234487980504,0.5542905331070063,1.1717271253375792,-8.386277963134496,0.4986562,0.28933117,7.599234120912433,0.022719240118778003
housegsigma0tsigma8,0.5992572,0.058402564,6.656643755825475,10.000000000000007,0.6020962,2.4710000000000023,0.16150567575224328,0.9027497,1.100924,105.28414148686807,0.0056918089833265665,0.4532955,0.120111376,4.8464942102992286,10.000000000000007,0.46893862,0.6890000000000005,-0.33672973476803486,1.2594587,0.7255777,14.242780337174338,0.03182633345360767,-0.490423688206213,0.5678221492931048,2.879336618665679,0.9680000000000006,0.7502913978046084,0.7360000000000004,-0.35475811586106293,1.255736753806244,0.7064227196845212,0.7459650779031113,-0.6574351839429018,0.50424594,0.29595265,7.414549715309143,0.0896178740139095
bananalevel8,0.5876299,0.0552156,6.643716468678011,10.000000000000007,0.5902182,1.8920000000000015,0.143535587789145,0.911098,1.0921713,113.2629467188317,0.005188192432331083,2.7977245,0.9200355,4.59472903394598,10.000000000000007,2.9451182,1.303000000000001,0.42238340058268364,0.72708625,1.2910664,9.247075661307974,0.30255236445725076,-40.427549334365885,14.86448053543212,3.850451786464085,10.000000000000007,43.073630669332964,0.46100000000000024,-0.3632449711217429,1.2949931611033927,0.6021423647220243,7.397058091605643,-5.465355122767527,0.48289925,0.28378803,7.566634497640704,0.020386457769120625
bananagQP1tQP2,0.5841157,0.062244385,5.056823640264247,10.000000000000007,0.5874226,8.666000000000007,0.13993195434147826,0.91937506,1.0822796,88.06387370628363,0.006632863865411475,0.32269138,0.15419315,2.8068239373122252,10.000000000000007,0.3576384,1.0690000000000008,-1.0801136062476204,2.092521,0.5893947,4.379706648180445,0.07367876962432701,-0.08956944634494107,0.943902354173807,2.435068259790871,0.24300000000000005,0.9481421286215246,0.2800000000000001,-0.4862565449132707,1.6704672650099732,0.33519024016519994,0.009004633729893479,-9.947039383466477,0.49813482,0.3203801,5.808471212656008,0.021896112627620423
housetsl6tqs64,0.53047276,0.04786024,4.711105516630399,10.000000000000007,0.53262734,1.9340000000000015,0.29926155937988147,0.8121193,1.1886513,122.85041803516742,0.004318037741450526,0.3575224,0.057544425,3.4749473808287292,10.000000000000007,0.36212382,0.36600000000000016,-0.5690912916874721,1.6861628,0.43000466,38.60114161568367,0.009261963987916892,0.7460936792296247,0.18224389617415682,4.233340521914915,10.000000000000007,0.7680290384902618,0.8510000000000006,-0.38145251096757177,1.275254373167399,0.7115112895282364,16.76026550433356,0.044515624113276336,0.4852133,0.27791277,5.590999111619381,0.0935494146438844
bananalevel9,0.5894869,0.06284295,6.726577524844207,10.000000000000007,0.5928273,2.036000000000002,0.10033549063655256,0.93827194,1.0637717,87.99059251770905,0.006699431401777092,1.0085187,0.29107693,4.027507460272909,10.000000000000007,1.0496835,0.8370000000000006,0.34486444649416687,0.7377313,1.249942,12.004755608124697,0.0840099323283654,-5.094067554577971,6.60983073035797,2.371585402238716,0.6330000000000005,8.345015378637179,0.22000000000000003,-0.3216310612274879,1.4386223576467276,0.3000048842597223,0.5939498359234944,-8.576595608714216,0.48358914,0.28595355,7.578403679593952,0.019764627320935386
housetsl8tqs64,0.5133476,0.046362236,4.9954514759776725,10.000000000000007,0.51543695,1.5790000000000013,0.24334258186383212,0.84694326,1.1615398,122.60114832315594,0.004187135853961378,0.36863035,0.045462206,3.481591195514395,10.000000000000007,0.3714233,0.4060000000000002,-0.3602566556947364,1.3149161,0.57339704,65.74781097620962,0.005606731783037799,0.8571723119431038,0.2732549488086013,1.7624131478903573,10.000000000000007,0.8996736174314429,0.35200000000000015,-0.5170379768720136,1.5599387366800757,0.38598790925432586,9.840118340069981,0.0871099596894693,0.49865776,0.29634848,5.944844938884926,0.09372631659519753
bananagsigma0tsigma16,0.58240837,0.06336573,6.693749659034917,10.000000000000007,0.58584535,2.055000000000002,0.08427479402718188,0.9481874,1.0534902,84.4786354851758,0.006894150114792099,0.60317516,0.18982834,2.538202475751734,10.000000000000007,0.6323407,0.48200000000000026,0.3895945183733487,0.6090089,1.3341715,10.096372977839621,0.05974177017721966,-0.8336340480891996,4.865417697919894,1.514217830373516,0.2,4.936314999507273,0.2,-0.3215021140811419,1.4509852252896773,0.1694498554094685,0.029356965693929947,-28.396464974633528,0.4843865,0.28953123,7.57607725155197,0.02154365158503597
bananagsigma0tsigma32,0.58240837,0.06336573,6.693749659034917,10.000000000000007,0.58584535,2.055000000000002,0.08427479402718188,0.9481874,1.0534902,84.4786354851758,0.006894150114792099,0.60317516,0.18982834,2.538202475751734,10.000000000000007,0.6323407,0.48200000000000026,0.3895945183733487,0.6090089,1.3341715,10.096372977839621,0.05974177017721966,-0.8336340480891996,4.865417697919894,1.514217830373516,0.2,4.936314999507273,0.2,-0.3215021140811419,1.4509852252896773,0.1694498554094685,0.029356965693929947,-28.396464974633528,0.4843865,0.28953123,7.57607725155197,0.02262261970447445
bananatsl4tqs128,0.5359914,0.04886791,4.431920123342278,10.000000000000007,0.5382142,2.282000000000002,0.264414442961949,0.83235353,1.1591879,120.30071495043012,0.0044554292730721165,0.35310555,0.059771307,3.2907491796952617,10.000000000000007,0.3581287,0.35500000000000015,-0.5356486266388357,1.6048223,0.39618143,34.8998720999773,0.010117674280664448,0.7186919765673383,0.18254600975481072,4.362116009245243,10.000000000000007,0.741512765175593,1.0120000000000007,-0.5733363587537603,1.4415512159478334,0.6331300749999875,15.500338782969186,0.04636621086998387,0.47787648,0.27438954,5.288922828300456,0.02211801268908052
bananapqs1qs32rounded,0.5824318,0.063306905,6.685831858070815,10.000000000000007,0.5858622,2.0660000000000016,0.0844465320627377,0.94810086,1.0535564,84.64250581688611,0.0068810796256931536,0.60310125,0.18934268,2.5378583489136823,10.000000000000007,0.63212484,0.48400000000000026,0.389408911299922,0.6101903,1.3334026,10.145746456350935,0.05944375709179381,-0.8336165244056373,4.8644603636816655,1.5144929590470795,0.2,4.935368458800892,0.2,-0.3214333085379903,1.4508091899521687,0.16954808494715223,0.02936728714579273,-28.38588802115705,0.4845184,0.2895625,7.576013824324506,0.022151167780315482
bananapqs1qs48rounded,0.5824318,0.063306905,6.685831858070815,10.000000000000007,0.5858622,2.0660000000000016,0.0844465320627377,0.94810086,1.0535564,84.64250581688611,0.0068810796256931536,0.60310125,0.18934268,2.5378583489136823,10.000000000000007,0.63212484,0.48400000000000026,0.389408911299922,0.6101903,1.3334026,10.145746456350935,0.05944375709179381,-0.8336165244056373,4.8644603636816655,1.5144929590470795,0.2,4.935368458800892,0.2,-0.3214333085379903,1.4508091899521687,0.16954808494715223,0.02936728714579273,-28.38588802115705,0.4845184,0.2895625,7.576013824324506,0.02217119556140295
bananagQP3tQP3,0.5874991,0.07041265,4.761171270618791,10.000000000000007,0.5917035,10.000000000000007,0.22836019540531324,0.86940753,1.134775,69.6166840274318,0.008439055197622957,0.2824498,0.22665608,2.384146036925978,1.6710000000000014,0.3621475,1.2890000000000008,-0.2763288522998221,1.245985,0.8762713,1.552917198141813,0.18188337224405574,-0.31195975731197384,5.542283151120165,0.9805311245280731,0.2,5.551053268280889,0.2,-0.5480745634240911,2.267043598492199,0.08237075312995008,0.00316825506968678,-98.46421782663313,0.5262214,0.35703,5.245479239904641,0.021894899679640503
bananalevel7,0.5846461,0.04985567,6.677043357726245,10.000000000000007,0.5867679,1.6730000000000012,0.23476947488664052,0.85295504,1.1539276,137.5217293191099,0.004251299885213882,8.518481,3.1697195,5.5850044044708795,10.000000000000007,9.089076,1.2770000000000008,0.5190441705646982,0.672679,1.3683698,7.2226575314999195,1.1794109932469878,-251.7393770964144,48.961440441783225,5.098930007877865,10.000000000000007,256.4563463691655,0.8850000000000007,-0.2486570586908291,1.1725926849498909,0.8092719541118109,26.43676151073949,-9.52232280773685,0.48145607,0.28130373,7.5339209057251075,0.022345033023893523
bananatsl6tqs64,0.5317612,0.04911949,4.685123409141666,10.000000000000007,0.53402513,2.213000000000002,0.2649245551375712,0.833683,1.162141,117.1995136814985,0.004537230582490914,0.3571437,0.05413048,3.372429369098825,10.000000000000007,0.36122248,0.36100000000000015,-0.49487256450594486,1.5465835,0.4434547,43.531383485591505,0.008204280847226004,0.7498141534172218,0.1832541210993283,4.525030634357906,10.000000000000007,0.7718829684786914,0.9650000000000007,-0.42116236785916084,1.301330006362539,0.7002836241883742,16.74171842127756,0.044787167873057775,0.48268503,0.2836382,5.52276176728181,0.023138210964561253
bananagQP2tQP1,0.58381206,0.065392286,5.069373342915457,10.000000000000007,0.58746284,9.953000000000008,0.16821238422867732,0.9036453,1.099128,79.70645042285105,0.00732452688842086,0.31494674,0.17043081,3.017147513584737,10.000000000000007,0.3581034,1.284000000000001,-0.8907504896033033,1.8477297,0.6550729,3.4149037143471475,0.09222711811394443,-0.1152774475429799,1.7169065547515105,1.7334276255969139,0.2,1.7207714148372062,0.2,-0.3949387462127348,1.7980440595700613,0.22378389131491705,0.004508123352458975,-25.57104997584002,0.4994881,0.33128974,5.722221827219993,0.021772779538018795
bananatsl4tqs512,0.5359914,0.04886791,4.431920123342278,10.000000000000007,0.5382142,2.282000000000002,0.264414442961949,0.83235353,1.1591879,120.30071495043012,0.0044554292730721165,0.35310555,0.059771307,3.2907491796952617,10.000000000000007,0.3581287,0.35500000000000015,-0.5356486266388357,1.6048223,0.39618143,34.8998720999773,0.010117674280664448,0.7186919765673383,0.18254600975481072,4.362116009245243,10.000000000000007,0.741512765175593,1.0120000000000007,-0.5733363587537603,1.4415512159478334,0.6331300749999875,15.500338782969186,0.04636621086998387,0.47787648,0.27438954,5.288922828300456,0.021978003726779258
bananapqs1qs64rounded,0.5824318,0.063306905,6.685831858070815,10.000000000000007,0.5858622,2.0660000000000016,0.0844465320627377,0.94810086,1.0535564,84.64250581688611,0.0068810796256931536,0.60310125,0.18934268,2.5378583489136823,10.000000000000007,0.63212484,0.48400000000000026,0.389408911299922,0.6101903,1.3334026,10.145746456350935,0.05944375709179381,-0.8336165244056373,4.8644603636816655,1.5144929590470795,0.2,4.935368458800892,0.2,-0.3214333085379903,1.4508091899521687,0.16954808494715223,0.02936728714579273,-28.38588802115705,0.4845184,0.2895625,7.576013824324506,0.022170058621685237
bananagQP1tQP1,0.5841157,0.062244385,5.056823640264247,10.000000000000007,0.5874226,8.666000000000007,0.13993195434147826,0.91937506,1.0822796,88.06387370628363,0.006632863865411475,0.32269138,0.15419315,2.8068239373122252,10.000000000000007,0.3576384,1.0690000000000008,-1.0801136062476204,2.092521,0.5893947,4.379706648180445,0.07367876962432701,-0.08956944634494107,0.943902354173807,2.435068259790871,0.24300000000000005,0.9481421286215246,0.2800000000000001,-0.4862565449132707,1.6704672650099732,0.33519024016519994,0.009004633729893479,-9.947039383466477,0.49813482,0.3203801,5.808471212656008,0.02197251683599402
bananatsl8tqs64,0.50875276,0.048872642,5.1860445543839955,10.000000000000007,0.5110949,1.525000000000001,0.22637443792183598,0.85812527,1.1523509,108.3632719905736,0.0046948817530264066,0.37503114,0.035345066,2.832991657610588,10.000000000000007,0.37669295,0.5010000000000003,-0.04641826073071751,1.038902,0.95424163,112.58415427088858,0.0033311185209705945,0.8865201474188574,2.494323878927111,0.05077977972094787,0.26000000000000006,2.647180901474019,0.2,-0.3902302656361507,1.594843917653613,0.03935216221134265,0.12631988769158278,7.018056804985031,0.4926461,0.29748636,6.055272342094266,0.023126468412281553
bananatsl4tqs256,0.5359914,0.04886791,4.431920123342278,10.000000000000007,0.5382142,2.282000000000002,0.264414442961949,0.83235353,1.1591879,120.30071495043012,0.0044554292730721165,0.35310555,0.059771307,3.2907491796952617,10.000000000000007,0.3581287,0.35500000000000015,-0.5356486266388357,1.6048223,0.39618143,34.8998720999773,0.010117674280664448,0.7186919765673383,0.18254600975481072,4.362116009245243,10.000000000000007,0.741512765175593,1.0120000000000007,-0.5733363587537603,1.4415512159478334,0.6331300749999875,15.500338782969186,0.04636621086998387,0.47787648,0.27438954,5.288922828300456,0.022058801906155345
bananagsigma2tsigma16,0.5443735,0.07317429,6.945767913227053,10.000000000000007,0.5492696,2.303000000000002,0.15455420024344677,0.9064805,1.0973518,55.344881025740506,0.009836022706079273,1.4711646,0.51814014,4.476810886821073,10.000000000000007,1.5597414,1.3330000000000009,0.34427005603240246,0.7739609,1.2317142,8.061737746563779,0.18248728528480748,-3.871694369119995,4.9026175609860285,2.862081784954819,0.6640000000000004,6.2470509147290105,0.4350000000000002,-0.5202361587780493,1.4840157861663552,0.4578394885392923,0.6236582370794344,-6.208038536059394,0.49558097,0.28762937,7.598095866880269,0.02159698741464241
bananagQP3tQP1,0.5874991,0.07041265,4.761171270618791,10.000000000000007,0.5917035,10.000000000000007,0.22836019540531324,0.86940753,1.134775,69.6166840274318,0.008439055197622957,0.2824498,0.22665608,2.384146036925978,1.6710000000000014,0.3621475,1.2890000000000008,-0.2763288522998221,1.245985,0.8762713,1.552917198141813,0.18188337224405574,-0.31195975731197384,5.542283151120165,0.9805311245280731,0.2,5.551053268280889,0.2,-0.5480745634240911,2.267043598492199,0.08237075312995008,0.00316825506968678,-98.46421782663313,0.5262214,0.35703,5.245479239904641,0.022003868259834004
bananagQP3tQP2,0.5874991,0.07041265,4.761171270618791,10.000000000000007,0.5917035,10.000000000000007,0.22836019540531324,0.86940753,1.134775,69.6166840274318,0.008439055197622957,0.2824498,0.22665608,2.384146036925978,1.6710000000000014,0.3621475,1.2890000000000008,-0.2763288522998221,1.245985,0.8762713,1.552917198141813,0.18188337224405574,-0.31195975731197384,5.542283151120165,0.9805311245280731,0.2,5.551053268280889,0.2,-0.5480745634240911,2.267043598492199,0.08237075312995008,0.00316825506968678,-98.46421782663313,0.5262214,0.35703,5.245479239904641,0.021918446455558866
bananatsl8tqs512,0.50875276,0.048872642,5.1860445543839955,10.000000000000007,0.5110949,1.525000000000001,0.22637443792183598,0.85812527,1.1523509,108.3632719905736,0.0046948817530264066,0.37503114,0.035345066,2.832991657610588,10.000000000000007,0.37669295,0.5010000000000003,-0.04641826073071751,1.038902,0.95424163,112.58415427088858,0.0033311185209705945,0.8865201474188574,2.494323878927111,0.05077977972094787,0.26000000000000006,2.647180901474019,0.2,-0.3902302656361507,1.594843917653613,0.03935216221134265,0.12631988769158278,7.018056804985031,0.4926461,0.29748636,6.055272342094266,0.022979308811368775
bananatsl8tqs128,0.50875276,0.048872642,5.1860445543839955,10.000000000000007,0.5110949,1.525000000000001,0.22637443792183598,0.85812527,1.1523509,108.3632719905736,0.0046948817530264066,0.37503114,0.035345066,2.832991657610588,10.000000000000007,0.37669295,0.5010000000000003,-0.04641826073071751,1.038902,0.95424163,112.58415427088858,0.0033311185209705945,0.8865201474188574,2.494323878927111,0.05077977972094787,0.26000000000000006,2.647180901474019,0.2,-0.3902302656361507,1.594843917653613,0.03935216221134265,0.12631988769158278,7.018056804985031,0.4926461,0.29748636,6.055272342094266,0.023087923721725096
bananatsl6tqs512,0.5317612,0.04911949,4.685123409141666,10.000000000000007,0.53402513,2.213000000000002,0.2649245551375712,0.833683,1.162141,117.1995136814985,0.004537230582490914,0.3571437,0.05413048,3.372429369098825,10.000000000000007,0.36122248,0.36100000000000015,-0.49487256450594486,1.5465835,0.4434547,43.531383485591505,0.008204280847226004,0.7498141534172218,0.1832541210993283,4.525030634357906,10.000000000000007,0.7718829684786914,0.9650000000000007,-0.42116236785916084,1.301330006362539,0.7002836241883742,16.74171842127756,0.044787167873057775,0.48268503,0.2836382,5.52276176728181,0.02299272375319665
bananatsl8tqs256,0.50875276,0.048872642,5.1860445543839955,10.000000000000007,0.5110949,1.525000000000001,0.22637443792183598,0.85812527,1.1523509,108.3632719905736,0.0046948817530264066,0.37503114,0.035345066,2.832991657610588,10.000000000000007,0.37669295,0.5010000000000003,-0.04641826073071751,1.038902,0.95424163,112.58415427088858,0.0033311185209705945,0.8865201474188574,2.494323878927111,0.05077977972094787,0.26000000000000006,2.647180901474019,0.2,-0.3902302656361507,1.594843917653613,0.03935216221134265,0.12631988769158278,7.018056804985031,0.4926461,0.29748636,6.055272342094266,0.023014209198820496
